"","speciesCode","comName","sciName","locId","locName","obsDt","howMany","lat","lng","obsValid","obsReviewed","locationPrivate","subId","idu"
"1","rewbla","Red-winged Blackbird","Agelaius phoeniceus","L248470","Vancouver--Jericho Park","2021-04-01 19:15",12,49.2715915,-123.1943769,TRUE,FALSE,FALSE,"S84575655",1
"2","rewbla","Red-winged Blackbird","Agelaius phoeniceus","L7454648","105 Mile Lake","2021-04-02 19:37",1,51.7139128,-121.3275576,TRUE,FALSE,FALSE,"S84646208",2
"3","rewbla","Red-winged Blackbird","Agelaius phoeniceus","L282183","Nanaimo--Buttertubs Marsh","2021-04-03 19:33",45,49.1709246,-123.9707676,TRUE,FALSE,FALSE,"S84732164",3
"4","rewbla","Red-winged Blackbird","Agelaius phoeniceus","L339172","Iona Island Inner Ponds","2021-04-04 21:09",6,49.2188889,-123.2055556,TRUE,FALSE,FALSE,"S84823830",4
"5","rewbla","Red-winged Blackbird","Agelaius phoeniceus","L3525006","Port Coquitlam--Blakeburn Lagoons","2021-04-05 19:19",6,49.2658325,-122.7367628,TRUE,FALSE,FALSE,"S84896474",5
"6","rewbla","Red-winged Blackbird","Agelaius phoeniceus","L339170","Iona Island Outer Pond","2021-04-06 19:08",20,49.2191667,-123.2116667,TRUE,FALSE,FALSE,"S85058579",6
"7","rewbla","Red-winged Blackbird","Agelaius phoeniceus","L2525256","Vancouver--McCleery Golf Course","2021-04-07 19:18",8,49.2184661,-123.167038,TRUE,FALSE,FALSE,"S85072317",7
"8","rewbla","Red-winged Blackbird","Agelaius phoeniceus","L8609228","Cloverdale, British Columbia","2021-04-08 19:33",1,49.11368,-122.7413488,TRUE,FALSE,TRUE,"S85132699",8
"9","rewbla","Red-winged Blackbird","Agelaius phoeniceus","L285610","Penticton--Okanagan River","2021-04-09 18:38",22,49.4739602,-119.5970136,TRUE,FALSE,FALSE,"S85201566",9
"10","rewbla","Red-winged Blackbird","Agelaius phoeniceus","L3107831","Kelowna--Tutt's Pond","2021-04-10 19:40",5,49.9423364,-119.4135723,TRUE,FALSE,FALSE,"S85288560",10
"11","rewbla","Red-winged Blackbird","Agelaius phoeniceus","L3335231","Courtenay--Wildwood Marsh","2021-04-11 20:10",2,49.7130754,-125.0632444,TRUE,FALSE,FALSE,"S85373874",11
"12","rewbla","Red-winged Blackbird","Agelaius phoeniceus","L743280","1385 Borland Road, Williams Lake","2021-04-12 20:10",3,52.1225809,-122.1181226,TRUE,FALSE,TRUE,"S85436932",12
"13","rewbla","Red-winged Blackbird","Agelaius phoeniceus","L1323323","Prince George--Lheidli T'enneh Memorial Park (Fort George Park)","2021-04-13 19:47",12,53.903559,-122.7373159,TRUE,FALSE,FALSE,"S85499386",13
"14","rewbla","Red-winged Blackbird","Agelaius phoeniceus","L3107831","Kelowna--Tutt's Pond","2021-04-14 19:45",20,49.9423364,-119.4135723,TRUE,FALSE,FALSE,"S85570401",14
"15","rewbla","Red-winged Blackbird","Agelaius phoeniceus","L343666","Victoria--McMicking Point","2021-04-15 20:01",1,48.4094295,-123.3033397,TRUE,FALSE,FALSE,"S85630366",15
"16","rewbla","Red-winged Blackbird","Agelaius phoeniceus","L14484608","Gabriola Island, Gabriola CA-BC 49.15207, -123.80966","2021-04-16 19:54",2,49.152071,-123.809661,TRUE,FALSE,TRUE,"S85694503",16
"17","rewbla","Red-winged Blackbird","Agelaius phoeniceus","L1076212","Martindale Flats--McIntyre Reservoir","2021-04-17 20:01",3,48.5691107,-123.3798122,TRUE,FALSE,FALSE,"S85780605",17
"18","rewbla","Red-winged Blackbird","Agelaius phoeniceus","L3224327","Inland Lake Provincial Park","2021-04-18 20:50",1,49.9185145,-124.4807625,TRUE,FALSE,FALSE,"S86380181",18
"19","rewbla","Red-winged Blackbird","Agelaius phoeniceus","L8204510","Charleson Park & Seawall","2021-04-19 22:13",3,49.267555,-123.12497,TRUE,FALSE,FALSE,"S85943798",19
"20","rewbla","Red-winged Blackbird","Agelaius phoeniceus","L8565187","East Chilliwack","2021-04-20 20:08",1,49.1472648,-121.874477,TRUE,FALSE,TRUE,"S86061467",20
"21","rewbla","Red-winged Blackbird","Agelaius phoeniceus","L14555760","1601–1777 Shellborn Rd, Wardner CA-BC 49.39352, -115.34720","2021-04-21 20:46",1,49.393524,-115.347198,TRUE,FALSE,TRUE,"S86068426",21
"22","rewbla","Red-winged Blackbird","Agelaius phoeniceus","L459862","Kelowna--Munson Pond","2021-04-22 20:11",20,49.8640484,-119.4603539,TRUE,FALSE,FALSE,"S86130885",22
"23","rewbla","Red-winged Blackbird","Agelaius phoeniceus","L4816467","Queens Bay--McEwan Point (Private)","2021-04-23 20:20",1,49.6561631,-116.9296889,TRUE,FALSE,TRUE,"S86206680",23
"24","rewbla","Red-winged Blackbird","Agelaius phoeniceus","L282183","Nanaimo--Buttertubs Marsh","2021-04-24 19:24",12,49.1709246,-123.9707676,TRUE,FALSE,FALSE,"S86299802",24
"25","rewbla","Red-winged Blackbird","Agelaius phoeniceus","L11448332","Lost Lagoon Path, Vancouver, British Columbia, CA (49.294, -123.143)","2021-04-25 23:58",16,49.2943355,-123.1429521,TRUE,FALSE,TRUE,"S86397341",25
"26","rewbla","Red-winged Blackbird","Agelaius phoeniceus","L265165","Kelowna--Robert Lake","2021-04-26 20:24",6,49.9356176,-119.4089035,TRUE,FALSE,FALSE,"S86465309",26
"27","rewbla","Red-winged Blackbird","Agelaius phoeniceus","L13464134","Our yard, 1250 Winchester Rd, Coombs","2021-04-27 19:47",2,49.292849,-124.446384,TRUE,FALSE,TRUE,"S94253999",27
"28","rewbla","Red-winged Blackbird","Agelaius phoeniceus","L3403984","My house near Quicks Bottom Park","2021-04-28 20:01",1,48.498205,-123.3953798,TRUE,FALSE,TRUE,"S86620642",28
"29","rewbla","Red-winged Blackbird","Agelaius phoeniceus","L2809187","Seeley Lake Provincial Park","2021-04-29 21:05",8,55.1975854,-127.6843929,TRUE,FALSE,FALSE,"S86697272",29
"30","rewbla","Red-winged Blackbird","Agelaius phoeniceus","L2313567","Wilson Creek estuary","2021-04-30 20:11",1,49.4383849,-123.7127495,TRUE,FALSE,FALSE,"S86769769",30
"31","rewbla","Red-winged Blackbird","Agelaius phoeniceus","L1899093","home","2021-05-01 21:42",2,55.6706197,-121.5441371,TRUE,FALSE,TRUE,"S86872128",31
"32","rewbla","Red-winged Blackbird","Agelaius phoeniceus","L13685578","1385 Borland Rd, Williams Lake CA-BC 52.12266, -122.11797","2021-05-02 21:06",5,52.122662,-122.11797,TRUE,FALSE,TRUE,"S86981847",32
"33","rewbla","Red-winged Blackbird","Agelaius phoeniceus","L296777","Penticton--Max Lake","2021-05-03 20:21",1,49.5102778,-119.6466667,TRUE,FALSE,FALSE,"S87115287",33
"34","rewbla","Red-winged Blackbird","Agelaius phoeniceus","L318458","Vernon--O'Keefe's Pond","2021-05-04 20:12",4,50.3611111,-119.2877778,TRUE,FALSE,FALSE,"S87181756",34
"35","rewbla","Red-winged Blackbird","Agelaius phoeniceus","L344388","Stanley Park--Beaver Lake","2021-05-05 20:23",4,49.30419,-123.13901,TRUE,FALSE,FALSE,"S87221502",35
"36","rewbla","Red-winged Blackbird","Agelaius phoeniceus","L696083","Creston--Leach Lake","2021-05-06 20:20",15,49.1603792,-116.6255379,TRUE,FALSE,FALSE,"S87300789",36
"37","rewbla","Red-winged Blackbird","Agelaius phoeniceus","L14795852","3035 Glennan Road, Victoria, British Columbia, CA (48.436, -123.518)","2021-05-07 22:53",2,48.4360735,-123.5177512,TRUE,FALSE,TRUE,"S87389194",37
"38","rewbla","Red-winged Blackbird","Agelaius phoeniceus","L14066069","my yard","2021-05-08 22:01",6,50.6451988,-120.3432999,TRUE,FALSE,TRUE,"S87582952",38
"39","rewbla","Red-winged Blackbird","Agelaius phoeniceus","L196159","Vancouver--Trout Lake (John Hendry Park)","2021-05-09 20:50",3,49.255958,-123.062325,TRUE,FALSE,FALSE,"S87705712",39
"40","rewbla","Red-winged Blackbird","Agelaius phoeniceus","L11772772","Vallee Lake Wetland Trail","2021-05-10 21:14",3,54.4785038,-126.7543605,TRUE,FALSE,FALSE,"S87799509",40
"41","rewbla","Red-winged Blackbird","Agelaius phoeniceus","L719680","Creston--Channel Road","2021-05-11 20:40",6,49.1978588,-116.588974,TRUE,FALSE,FALSE,"S87881951",41
"42","rewbla","Red-winged Blackbird","Agelaius phoeniceus","L282183","Nanaimo--Buttertubs Marsh","2021-05-12 20:25",25,49.1709246,-123.9707676,TRUE,FALSE,FALSE,"S87959872",42
"43","rewbla","Red-winged Blackbird","Agelaius phoeniceus","L285747","Boundary Bay--72nd St. Access","2021-05-13 20:27",4,49.0595,-123.02424,TRUE,FALSE,FALSE,"S88041525",43
"44","rewbla","Red-winged Blackbird","Agelaius phoeniceus","L2952726","Browne Creek Wetlands","2021-05-14 20:34",1,49.0980444,-122.0230973,TRUE,FALSE,FALSE,"S88138887",44
"45","rewbla","Red-winged Blackbird","Agelaius phoeniceus","L1498875","Golden--Reflection Lake","2021-05-15 21:06",10,51.2835959,-116.9459709,TRUE,FALSE,FALSE,"S88244172",45
"46","rewbla","Red-winged Blackbird","Agelaius phoeniceus","L3147623","Telkwa--Round Lake","2021-05-16 21:29",6,54.6620239,-126.9327965,TRUE,FALSE,FALSE,"S88353587",46
"47","rewbla","Red-winged Blackbird","Agelaius phoeniceus","L374029","Vancouver--Hadden & Vanier Parks","2021-05-17 19:10",1,49.2778847,-123.1474686,TRUE,FALSE,FALSE,"S88430253",47
"48","rewbla","Red-winged Blackbird","Agelaius phoeniceus","L730622","Ross Lake Provincial Park, Hazelton","2021-05-18 21:55",1,55.2615119,-127.5165939,TRUE,FALSE,FALSE,"S88506160",48
"49","rewbla","Red-winged Blackbird","Agelaius phoeniceus","L2980172","East Pine Rest Area (Includes wetlands/fields to north)","2021-05-19 20:49",6,55.7316532,-121.1736202,TRUE,FALSE,FALSE,"S88572725",49
"50","rewbla","Red-winged Blackbird","Agelaius phoeniceus","L15033655","Mill Rd, Monte Lake CA-BC 50.51872, -119.84068","2021-05-20 20:58",1,50.518723,-119.840677,TRUE,FALSE,TRUE,"S88639146",50
"51","rewbla","Red-winged Blackbird","Agelaius phoeniceus","L2111562","Eaglet Lake","2021-05-21 19:38",4,54.104804,-122.2852135,TRUE,FALSE,FALSE,"S88991577",51
"52","rewbla","Red-winged Blackbird","Agelaius phoeniceus","L3508162","Ta Ta Creek--Cherry Creek Land Conservancy","2021-05-22 21:13",6,49.6836018,-115.7078362,TRUE,FALSE,TRUE,"S89031692",52
"53","rewbla","Red-winged Blackbird","Agelaius phoeniceus","L1217270","Mystic Pond, Cadboro Bay","2021-05-23 23:21",2,48.4579108,-123.2967925,TRUE,FALSE,FALSE,"S88907625",53
"54","rewbla","Red-winged Blackbird","Agelaius phoeniceus","L12805835","1385 Borland Rd, Williams Lake CA-BC 52.12264, -122.11803","2021-05-24 21:55",4,52.122643,-122.118034,TRUE,FALSE,TRUE,"S88943715",54
"55","rewbla","Red-winged Blackbird","Agelaius phoeniceus","L11786749","Kelowna--Blair Pond","2021-05-25 21:04",3,49.9177553,-119.4650518,TRUE,FALSE,FALSE,"S89005679",55
"56","rewbla","Red-winged Blackbird","Agelaius phoeniceus","L7471225","Prince George - Gunn Road","2021-05-26 20:28",1,53.9010323,-122.6967193,TRUE,FALSE,FALSE,"S89060729",56
"57","rewbla","Red-winged Blackbird","Agelaius phoeniceus","L12960271","1385 Borland Rd, Williams Lake CA-BC 52.12264, -122.11808","2021-05-27 22:02",3,52.122643,-122.118083,TRUE,FALSE,TRUE,"S89119282",57
"58","rewbla","Red-winged Blackbird","Agelaius phoeniceus","L348441","Swan Lake Nature Sanctuary, Victoria","2021-05-28 20:30",3,48.4645558,-123.3738041,TRUE,FALSE,FALSE,"S89245926",58
"59","rewbla","Red-winged Blackbird","Agelaius phoeniceus","L13456566","1385 Borland Rd, Williams Lake CA-BC 52.12262, -122.11801","2021-05-29 22:59",3,52.122623,-122.118011,TRUE,FALSE,TRUE,"S89251818",59
"60","rewbla","Red-winged Blackbird","Agelaius phoeniceus","L9318809","Tabor Lake -- Tabor Marsh","2021-05-30 21:01",4,53.926115,-122.5186931,TRUE,FALSE,FALSE,"S90765008",60
"61","rewbla","Red-winged Blackbird","Agelaius phoeniceus","L261851","Iona Island (General)","2021-05-31 20:57",6,49.2213299,-123.2110997,TRUE,FALSE,FALSE,"S89404121",61
"62","rewbla","Red-winged Blackbird","Agelaius phoeniceus","L11621069","Courtenay--The Ridge","2021-06-01 21:00",4,49.656844,-124.975359,TRUE,FALSE,FALSE,"S89481308",62
"63","rewbla","Red-winged Blackbird","Agelaius phoeniceus","L7136150","Strathern Drive","2021-06-02 21:20",2,55.2619032,-127.6527643,TRUE,FALSE,TRUE,"S89519284",63
"64","rewbla","Red-winged Blackbird","Agelaius phoeniceus","L11772772","Vallee Lake Wetland Trail","2021-06-03 20:57",7,54.4785038,-126.7543605,TRUE,FALSE,FALSE,"S89577466",64
"65","rewbla","Red-winged Blackbird","Agelaius phoeniceus","L285862","Kilpoola Lake Road","2021-06-04 19:50",4,49.0641158,-119.5605612,TRUE,FALSE,FALSE,"S89634146",65
"66","rewbla","Red-winged Blackbird","Agelaius phoeniceus","L9318809","Tabor Lake -- Tabor Marsh","2021-06-05 21:45",8,53.926115,-122.5186931,TRUE,FALSE,FALSE,"S89702276",66
"67","rewbla","Red-winged Blackbird","Agelaius phoeniceus","L2952726","Browne Creek Wetlands","2021-06-06 20:39",2,49.0980444,-122.0230973,TRUE,FALSE,FALSE,"S89768675",67
"68","rewbla","Red-winged Blackbird","Agelaius phoeniceus","L348443","Delta--Brunswick Point","2021-06-07 20:50",2,49.06564,-123.15415,TRUE,FALSE,FALSE,"S89907059",68
"69","rewbla","Red-winged Blackbird","Agelaius phoeniceus","L480927","Pitt Meadows--Sturgeon Slough","2021-06-08 20:50",2,49.2944729,-122.6521289,TRUE,FALSE,FALSE,"S89877638",69
"70","rewbla","Red-winged Blackbird","Agelaius phoeniceus","L10867626","12331 255 Rd - yard and back field","2021-06-09 20:36",1,56.268409,-120.714482,TRUE,FALSE,TRUE,"S89924983",70
"71","rewbla","Red-winged Blackbird","Agelaius phoeniceus","L730622","Ross Lake Provincial Park, Hazelton","2021-06-10 21:43",2,55.2615119,-127.5165939,TRUE,FALSE,FALSE,"S89977493",71
"72","rewbla","Red-winged Blackbird","Agelaius phoeniceus","L285192","Deer Lake Park","2021-06-11 21:30",3,49.2376833,-122.9678577,TRUE,FALSE,FALSE,"S90030517",72
"73","rewbla","Red-winged Blackbird","Agelaius phoeniceus","L2809187","Seeley Lake Provincial Park","2021-06-12 21:03",12,55.1975854,-127.6843929,TRUE,FALSE,FALSE,"S90092408",73
"74","rewbla","Red-winged Blackbird","Agelaius phoeniceus","L15376355","Salmon Arm Pond North of Highway 1","2021-06-13 20:26",2,50.7078533,-119.242474,TRUE,FALSE,TRUE,"S90178024",74
"75","rewbla","Red-winged Blackbird","Agelaius phoeniceus","L294707","Scout Island, Williams Lake","2021-06-14 22:16",3,52.11975,-122.11961,TRUE,FALSE,FALSE,"S90212093",75
"76","rewbla","Red-winged Blackbird","Agelaius phoeniceus","L843052","Burnaby Lake--Piper Spit","2021-06-15 20:55",3,49.2420768,-122.9354453,TRUE,FALSE,FALSE,"S90259551",76
"77","rewbla","Red-winged Blackbird","Agelaius phoeniceus","L779723","Watson Slough (Hwy 29)","2021-06-16 21:47",40,56.2558197,-121.2697077,TRUE,FALSE,FALSE,"S93298081",77
"78","rewbla","Red-winged Blackbird","Agelaius phoeniceus","L15419028","Panama Hill Park, Saanich CA-BC 48.47762, -123.40257","2021-06-17 21:31",3,48.47762,-123.402569,TRUE,FALSE,TRUE,"S90357034",78
"79","rewbla","Red-winged Blackbird","Agelaius phoeniceus","L779723","Watson Slough (Hwy 29)","2021-06-18 21:01",27,56.2558197,-121.2697077,TRUE,FALSE,FALSE,"S90409734",79
"80","rewbla","Red-winged Blackbird","Agelaius phoeniceus","L261851","Iona Island (General)","2021-06-19 20:30",31,49.2213299,-123.2110997,TRUE,FALSE,FALSE,"S90469117",80
"81","rewbla","Red-winged Blackbird","Agelaius phoeniceus","L298193","Colony Farm","2021-06-20 20:44",12,49.23429,-122.7996362,TRUE,FALSE,FALSE,"S90531602",81
"82","rewbla","Red-winged Blackbird","Agelaius phoeniceus","L2334657","Stanley Park--Lost Lagoon","2021-06-21 20:18",1,49.295632,-123.1403017,TRUE,FALSE,FALSE,"S90580720",82
"83","rewbla","Red-winged Blackbird","Agelaius phoeniceus","L3869176","Mowson Pond","2021-06-22 20:19",2,50.9107824,-122.7503085,TRUE,FALSE,FALSE,"S90679894",83
"84","rewbla","Red-winged Blackbird","Agelaius phoeniceus","L7320673","150 Mile--Mission Road","2021-06-23 21:42",1,52.0707064,-121.9704294,TRUE,FALSE,FALSE,"S90678945",84
"85","rewbla","Red-winged Blackbird","Agelaius phoeniceus","L15510246","46430 Cornwall Crescent, Chilliwack, British Columbia, CA (49.159, -121.939)","2021-06-24 20:07",5,49.1594631,-121.9394552,TRUE,FALSE,TRUE,"S90730707",85
"86","rewbla","Red-winged Blackbird","Agelaius phoeniceus","L8072485","Prince George--Tabor Cr/Lund Rd","2021-06-25 22:31",1,53.816906,-122.607862,TRUE,FALSE,FALSE,"S91086505",86
"87","rewbla","Red-winged Blackbird","Agelaius phoeniceus","L449479","Shelley sludge lagoons","2021-06-26 21:00",6,53.9498227,-122.6276779,TRUE,FALSE,FALSE,"S92673674",87
"88","rewbla","Red-winged Blackbird","Agelaius phoeniceus","L11621069","Courtenay--The Ridge","2021-06-27 21:45",2,49.656844,-124.975359,TRUE,FALSE,FALSE,"S90927337",88
"89","rewbla","Red-winged Blackbird","Agelaius phoeniceus","L7471225","Prince George - Gunn Road","2021-06-28 21:55",1,53.9010323,-122.6967193,TRUE,FALSE,FALSE,"S92670729",89
"90","rewbla","Red-winged Blackbird","Agelaius phoeniceus","L298193","Colony Farm","2021-06-29 20:58",12,49.23429,-122.7996362,TRUE,FALSE,FALSE,"S91006180",90
"91","rewbla","Red-winged Blackbird","Agelaius phoeniceus","L810790","Kispiox Valley","2021-06-30 20:53",3,55.3927377,-127.6743078,TRUE,FALSE,FALSE,"S91054059",91
"92","rewbla","Red-winged Blackbird","Agelaius phoeniceus","L2809187","Seeley Lake Provincial Park","2021-07-01 22:30",1,55.1975854,-127.6843929,TRUE,FALSE,FALSE,"S91102929",92
"93","rewbla","Red-winged Blackbird","Agelaius phoeniceus","L8908867","Detention Pond Erickson Rd. and forest","2021-07-02 20:34",2,49.9568947,-125.2283124,TRUE,FALSE,TRUE,"S91151194",93
"94","rewbla","Red-winged Blackbird","Agelaius phoeniceus","L459862","Kelowna--Munson Pond","2021-07-03 20:31",3,49.8640484,-119.4603539,TRUE,FALSE,FALSE,"S91268479",94
"95","rewbla","Red-winged Blackbird","Agelaius phoeniceus","L341490","Fort St. John--north sewage lagoons","2021-07-04 20:40",19,56.2705556,-120.7766667,TRUE,FALSE,FALSE,"S91289743",95
"96","rewbla","Red-winged Blackbird","Agelaius phoeniceus","L11894710","Panama Flats","2021-07-05 20:21",4,48.4732504,-123.3987109,TRUE,FALSE,TRUE,"S91331303",96
"97","rewbla","Red-winged Blackbird","Agelaius phoeniceus","L341420","Courtenay airpark","2021-07-06 21:13",2,49.6800671,-124.9791918,TRUE,FALSE,FALSE,"S91378839",97
"98","rewbla","Red-winged Blackbird","Agelaius phoeniceus","L2111562","Eaglet Lake","2021-07-07 21:14",2,54.104804,-122.2852135,TRUE,FALSE,FALSE,"S91444600",98
"99","rewbla","Red-winged Blackbird","Agelaius phoeniceus","L9463810","Fraser Heights Glenwood Neighbourhood","2021-07-08 20:45",1,49.1931792,-122.7612216,TRUE,FALSE,TRUE,"S91471623",99
"100","rewbla","Red-winged Blackbird","Agelaius phoeniceus","L843052","Burnaby Lake--Piper Spit","2021-07-09 20:59",5,49.2420768,-122.9354453,TRUE,FALSE,FALSE,"S91516509",100
"101","rewbla","Red-winged Blackbird","Agelaius phoeniceus","L8072485","Prince George--Tabor Cr/Lund Rd","2021-07-10 20:57",4,53.816906,-122.607862,TRUE,FALSE,FALSE,"S92670330",101
"102","rewbla","Red-winged Blackbird","Agelaius phoeniceus","L4269135","5924 242 road","2021-07-11 21:16",3,56.2469154,-120.7060534,TRUE,FALSE,TRUE,"S91635257",102
"103","rewbla","Red-winged Blackbird","Agelaius phoeniceus","L633025","Victoria--Panama Flats","2021-07-12 20:30",5,48.4763354,-123.4029007,TRUE,FALSE,FALSE,"S91727640",103
"104","rewbla","Red-winged Blackbird","Agelaius phoeniceus","L4437604","CWWS-Parson--Marshwood","2021-07-13 20:46",6,51.0666373,-116.6600847,TRUE,FALSE,FALSE,"S91745367",104
"105","rewbla","Red-winged Blackbird","Agelaius phoeniceus","L282183","Nanaimo--Buttertubs Marsh","2021-07-14 20:50",4,49.1709246,-123.9707676,TRUE,FALSE,FALSE,"S91771202",105
"106","rewbla","Red-winged Blackbird","Agelaius phoeniceus","L350287","Whistler--Fitzsimmons Fan Park & Nicklaus North Golf Course","2021-07-15 20:34",2,50.1449512,-122.9462814,TRUE,FALSE,FALSE,"S91830822",106
"107","rewbla","Red-winged Blackbird","Agelaius phoeniceus","L633025","Victoria--Panama Flats","2021-07-16 21:56",5,48.4763354,-123.4029007,TRUE,FALSE,FALSE,"S91861909",107
"108","rewbla","Red-winged Blackbird","Agelaius phoeniceus","L11611848","Nanaimo River Estuary Hydro Right of Way (Maki Rd)","2021-07-17 20:45",0,49.1305851,-123.9034787,TRUE,FALSE,FALSE,"S91916045",108
"109","rewbla","Red-winged Blackbird","Agelaius phoeniceus","L384247","Little Qualicum estuary","2021-07-18 20:30",6,49.3665013,-124.4922638,TRUE,FALSE,FALSE,"S91972724",109
"110","rewbla","Red-winged Blackbird","Agelaius phoeniceus","L265165","Kelowna--Robert Lake","2021-07-19 20:42",20,49.9356176,-119.4089035,TRUE,FALSE,FALSE,"S92307436",110
"111","rewbla","Red-winged Blackbird","Agelaius phoeniceus","L16187445","6209–6299 North Lake Rd, Madeira Park CA-BC 49.74515, -123.96438","2021-07-20 21:18",1,49.745155,-123.964376,TRUE,FALSE,TRUE,"S93619471",111
"112","rewbla","Red-winged Blackbird","Agelaius phoeniceus","L282183","Nanaimo--Buttertubs Marsh","2021-07-21 20:15",6,49.1709246,-123.9707676,TRUE,FALSE,FALSE,"S92157700",112
"113","rewbla","Red-winged Blackbird","Agelaius phoeniceus","L298193","Colony Farm","2021-07-22 20:53",0,49.23429,-122.7996362,TRUE,FALSE,FALSE,"S92161976",113
"114","rewbla","Red-winged Blackbird","Agelaius phoeniceus","L2744020","Blaney Bog","2021-07-23 19:38",3,49.2590107,-122.593174,TRUE,FALSE,FALSE,"S92204919",114
"115","rewbla","Red-winged Blackbird","Agelaius phoeniceus","L282183","Nanaimo--Buttertubs Marsh","2021-07-24 20:00",0,49.1709246,-123.9707676,TRUE,FALSE,FALSE,"S92258689",115
"116","rewbla","Red-winged Blackbird","Agelaius phoeniceus","L381570","Nicola Lake--  Pennask Bay","2021-07-25 21:02",2,50.1761286,-120.4961586,TRUE,FALSE,TRUE,"S92387012",116
"117","rewbla","Red-winged Blackbird","Agelaius phoeniceus","L6254446","Courtenay--Sandwick Park","2021-07-26 19:50",11,49.7151326,-124.9838288,TRUE,FALSE,FALSE,"S92357920",117
"118","rewbla","Red-winged Blackbird","Agelaius phoeniceus","L350184","Brydon Lagoon--Langley","2021-07-27 20:06",6,49.09851,-122.67781,TRUE,FALSE,FALSE,"S92403656",118
"119","rewbla","Red-winged Blackbird","Agelaius phoeniceus","L1460798","Brisco Road","2021-07-28 20:30",50,50.8273704,-116.2897685,TRUE,FALSE,FALSE,"S92447328",119
"120","rewbla","Red-winged Blackbird","Agelaius phoeniceus","L449479","Shelley sludge lagoons","2021-07-29 20:03",2,53.9498227,-122.6276779,TRUE,FALSE,FALSE,"S92522319",120
"121","rewbla","Red-winged Blackbird","Agelaius phoeniceus","L1602017","Cranbrook--Spray Irrigation-Silo Pond","2021-07-30 15:39",3,49.5390722,-115.623079,TRUE,FALSE,TRUE,"S92707842",121
"122","rewbla","Red-winged Blackbird","Agelaius phoeniceus","L304586","Elizabeth Lake, Cranbrook","2021-07-31 19:44",20,49.4987833,-115.7931167,TRUE,FALSE,FALSE,"S92585754",122
"123","rewbla","Red-winged Blackbird","Agelaius phoeniceus","L657288","Vernon--Kin Beach area","2021-08-01 21:15",1,50.2496747,-119.3504906,TRUE,FALSE,FALSE,"S92748302",123
"124","rewbla","Red-winged Blackbird","Agelaius phoeniceus","L298193","Colony Farm","2021-08-02 20:25",2,49.23429,-122.7996362,TRUE,FALSE,FALSE,"S92691997",124
"125","rewbla","Red-winged Blackbird","Agelaius phoeniceus","L298193","Colony Farm","2021-08-03 19:34",10,49.23429,-122.7996362,TRUE,FALSE,FALSE,"S92737660",125
"126","rewbla","Red-winged Blackbird","Agelaius phoeniceus","L350184","Brydon Lagoon--Langley","2021-08-04 19:27",30,49.09851,-122.67781,TRUE,FALSE,FALSE,"S92781156",126
"127","rewbla","Red-winged Blackbird","Agelaius phoeniceus","L344049","Duncan--Art Mann Park (Quamichan Lk south end)","2021-08-05 19:40",12,48.78804,-123.67146,TRUE,FALSE,FALSE,"S92848822",127
"128","rewbla","Red-winged Blackbird","Agelaius phoeniceus","L633025","Victoria--Panama Flats","2021-08-06 18:37",3,48.4763354,-123.4029007,TRUE,FALSE,FALSE,"S92869677",128
"129","rewbla","Red-winged Blackbird","Agelaius phoeniceus","L16039902","Lac Du Bois Rd, Heffley Creek CA-BC 50.79963, -120.45236","2021-08-07 20:25",1,50.799629,-120.452356,TRUE,FALSE,TRUE,"S92923318",129
"130","rewbla","Red-winged Blackbird","Agelaius phoeniceus","L5590610","Prospect Lake home ","2021-08-08 17:41",18,48.519351,-123.441834,TRUE,FALSE,TRUE,"S92975246",130
"131","rewbla","Red-winged Blackbird","Agelaius phoeniceus","L12643262","Eagle View Trail","2021-08-09 19:45",25,49.9603331,-119.4101419,TRUE,FALSE,FALSE,"S93024194",131
"132","rewbla","Red-winged Blackbird","Agelaius phoeniceus","L11786749","Kelowna--Blair Pond","2021-08-10 20:25",3,49.9177553,-119.4650518,TRUE,FALSE,FALSE,"S93069103",132
"133","rewbla","Red-winged Blackbird","Agelaius phoeniceus","L858779","Sechelt Marsh","2021-08-11 19:24",1,49.4794877,-123.758347,TRUE,FALSE,FALSE,"S93108710",133
"134","rewbla","Red-winged Blackbird","Agelaius phoeniceus","L633025","Victoria--Panama Flats","2021-08-12 19:00",2,48.4763354,-123.4029007,TRUE,FALSE,FALSE,"S93147829",134
"135","rewbla","Red-winged Blackbird","Agelaius phoeniceus","L13373601","Glen Lake","2021-08-13 19:42",25,48.4352222,-123.5172893,TRUE,FALSE,FALSE,"S93190319",135
"136","rewbla","Red-winged Blackbird","Agelaius phoeniceus","L304586","Elizabeth Lake, Cranbrook","2021-08-14 20:59",8,49.4987833,-115.7931167,TRUE,FALSE,FALSE,"S93240464",136
"137","rewbla","Red-winged Blackbird","Agelaius phoeniceus","L298193","Colony Farm","2021-08-15 20:11",1,49.23429,-122.7996362,TRUE,FALSE,FALSE,"S93300588",137
"138","rewbla","Red-winged Blackbird","Agelaius phoeniceus","L843052","Burnaby Lake--Piper Spit","2021-08-16 19:03",3,49.2420768,-122.9354453,TRUE,FALSE,FALSE,"S93346018",138
"139","rewbla","Red-winged Blackbird","Agelaius phoeniceus","L1926493","Salt Spring Island--Blackburn Lake","2021-08-17 19:25",5,48.8218412,-123.4848261,TRUE,FALSE,FALSE,"S93390813",139
"140","rewbla","Red-winged Blackbird","Agelaius phoeniceus","L578884","Victoria--Blenkinsop Lake","2021-08-18 19:13",80,48.4834473,-123.3605003,TRUE,FALSE,FALSE,"S93433931",140
"141","rewbla","Red-winged Blackbird","Agelaius phoeniceus","L11611848","Nanaimo River Estuary Hydro Right of Way (Maki Rd)","2021-08-19 20:00",1,49.1305851,-123.9034787,TRUE,FALSE,FALSE,"S93493554",141
"142","rewbla","Red-winged Blackbird","Agelaius phoeniceus","L1926493","Salt Spring Island--Blackburn Lake","2021-08-20 20:10",4,48.8218412,-123.4848261,TRUE,FALSE,FALSE,"S93515968",142
"143","rewbla","Red-winged Blackbird","Agelaius phoeniceus","L16176095","8515 Highway 22A, Trail CA-BC 49.07923, -117.61501","2021-08-21 18:55",2,49.079233,-117.615007,TRUE,FALSE,TRUE,"S93562491",143
"144","rewbla","Red-winged Blackbird","Agelaius phoeniceus","L261851","Iona Island (General)","2021-08-22 19:09",2,49.2213299,-123.2110997,TRUE,FALSE,FALSE,"S93646935",144
"145","rewbla","Red-winged Blackbird","Agelaius phoeniceus","L301569","Haynes Point Provincial Park","2021-08-23 20:41",10,49.0147222,-119.4555556,TRUE,FALSE,FALSE,"S93915425",145
"146","rewbla","Red-winged Blackbird","Agelaius phoeniceus","L633025","Victoria--Panama Flats","2021-08-24 19:33",1,48.4763354,-123.4029007,TRUE,FALSE,FALSE,"S93699902",146
"147","rewbla","Red-winged Blackbird","Agelaius phoeniceus","L285563","Kelowna--Rotary Marsh","2021-08-25 18:30",12,49.8956948,-119.5000243,TRUE,FALSE,FALSE,"S93739979",147
"148","rewbla","Red-winged Blackbird","Agelaius phoeniceus","L633025","Victoria--Panama Flats","2021-08-26 19:20",4,48.4763354,-123.4029007,TRUE,FALSE,FALSE,"S93801175",148
"149","rewbla","Red-winged Blackbird","Agelaius phoeniceus","L340461","Boundary Bay - 96th St., Delta","2021-08-27 19:07",4,49.0719551,-122.9572321,TRUE,FALSE,FALSE,"S93820729",149
"150","rewbla","Red-winged Blackbird","Agelaius phoeniceus","L282183","Nanaimo--Buttertubs Marsh","2021-08-28 20:57",2,49.1709246,-123.9707676,TRUE,FALSE,FALSE,"S93872005",150
"151","rewbla","Red-winged Blackbird","Agelaius phoeniceus","L1926493","Salt Spring Island--Blackburn Lake","2021-08-29 19:11",3,48.8218412,-123.4848261,TRUE,FALSE,FALSE,"S93925478",151
"152","rewbla","Red-winged Blackbird","Agelaius phoeniceus","L301569","Haynes Point Provincial Park","2021-08-30 17:55",14,49.0147222,-119.4555556,TRUE,FALSE,FALSE,"S93965332",152
"153","rewbla","Red-winged Blackbird","Agelaius phoeniceus","L261851","Iona Island (General)","2021-08-31 19:01",2,49.2213299,-123.2110997,TRUE,FALSE,FALSE,"S94018631",153
"154","rewbla","Red-winged Blackbird","Agelaius phoeniceus","L350184","Brydon Lagoon--Langley","2021-09-01 18:24",30,49.09851,-122.67781,TRUE,FALSE,FALSE,"S94058715",154
"155","rewbla","Red-winged Blackbird","Agelaius phoeniceus","L12581458","2613 Young Place, Kamloops, British Columbia, CA (50.705, -120.423)","2021-09-02 18:34",4,50.7043715,-120.4230067,TRUE,FALSE,TRUE,"S94097901",155
"156","rewbla","Red-winged Blackbird","Agelaius phoeniceus","L298193","Colony Farm","2021-09-03 19:30",6,49.23429,-122.7996362,TRUE,FALSE,FALSE,"S94243743",156
"157","rewbla","Red-winged Blackbird","Agelaius phoeniceus","L261851","Iona Island (General)","2021-09-04 18:22",10,49.2213299,-123.2110997,TRUE,FALSE,FALSE,"S94194040",157
"158","rewbla","Red-winged Blackbird","Agelaius phoeniceus","L843052","Burnaby Lake--Piper Spit","2021-09-05 17:50",1,49.2420768,-122.9354453,TRUE,FALSE,FALSE,"S94251243",158
"159","rewbla","Red-winged Blackbird","Agelaius phoeniceus","L843052","Burnaby Lake--Piper Spit","2021-09-06 18:47",4,49.2420768,-122.9354453,TRUE,FALSE,FALSE,"S94310606",159
"160","rewbla","Red-winged Blackbird","Agelaius phoeniceus","L282183","Nanaimo--Buttertubs Marsh","2021-09-07 19:15",1,49.1709246,-123.9707676,TRUE,FALSE,FALSE,"S94355709",160
"161","rewbla","Red-winged Blackbird","Agelaius phoeniceus","L282183","Nanaimo--Buttertubs Marsh","2021-09-08 19:05",0,49.1709246,-123.9707676,TRUE,FALSE,FALSE,"S94396380",161
"162","rewbla","Red-winged Blackbird","Agelaius phoeniceus","L633025","Victoria--Panama Flats","2021-09-09 18:49",4,48.4763354,-123.4029007,TRUE,FALSE,FALSE,"S94537989",162
"163","rewbla","Red-winged Blackbird","Agelaius phoeniceus","L261851","Iona Island (General)","2021-09-10 18:26",4,49.2213299,-123.2110997,TRUE,FALSE,FALSE,"S94484404",163
"164","rewbla","Red-winged Blackbird","Agelaius phoeniceus","L124345","Reifel Bird Sanctuary","2021-09-11 18:32",2,49.1,-123.185,TRUE,FALSE,FALSE,"S94533065",164
"165","rewbla","Red-winged Blackbird","Agelaius phoeniceus","L843052","Burnaby Lake--Piper Spit","2021-09-12 19:05",2,49.2420768,-122.9354453,TRUE,FALSE,FALSE,"S94589705",165
"166","rewbla","Red-winged Blackbird","Agelaius phoeniceus","L1284215","Sargeant Bay Provincial Park","2021-09-13 18:21",4,49.4760161,-123.863039,TRUE,FALSE,FALSE,"S94632535",166
"167","rewbla","Red-winged Blackbird","Agelaius phoeniceus","L282183","Nanaimo--Buttertubs Marsh","2021-09-14 18:27",10,49.1709246,-123.9707676,TRUE,FALSE,FALSE,"S94675734",167
"168","rewbla","Red-winged Blackbird","Agelaius phoeniceus","L282183","Nanaimo--Buttertubs Marsh","2021-09-15 19:03",1,49.1709246,-123.9707676,TRUE,FALSE,FALSE,"S94716353",168
"169","rewbla","Red-winged Blackbird","Agelaius phoeniceus","L633025","Victoria--Panama Flats","2021-09-16 18:05",4,48.4763354,-123.4029007,TRUE,FALSE,FALSE,"S94762603",169
"170","rewbla","Red-winged Blackbird","Agelaius phoeniceus","L350184","Brydon Lagoon--Langley","2021-09-17 16:24",40,49.09851,-122.67781,TRUE,FALSE,FALSE,"S94797010",170
"171","rewbla","Red-winged Blackbird","Agelaius phoeniceus","L1540037","Hemer Provincial Park","2021-09-18 17:41",44,49.1029627,-123.8353383,TRUE,FALSE,FALSE,"S94853832",171
"172","rewbla","Red-winged Blackbird","Agelaius phoeniceus","L282183","Nanaimo--Buttertubs Marsh","2021-09-19 18:19",0,49.1709246,-123.9707676,TRUE,FALSE,FALSE,"S94914082",172
"173","rewbla","Red-winged Blackbird","Agelaius phoeniceus","L282183","Nanaimo--Buttertubs Marsh","2021-09-20 18:21",4,49.1709246,-123.9707676,TRUE,FALSE,FALSE,"S94956791",173
"174","rewbla","Red-winged Blackbird","Agelaius phoeniceus","L13262288","750 Third Street, Nanaimo, British Columbia, CA (49.166, -123.973)jinglepot road lot","2021-09-21 18:06",0,49.1663503,-123.9729841,TRUE,FALSE,TRUE,"S100312127",174
"175","rewbla","Red-winged Blackbird","Agelaius phoeniceus","L357440","Lundbom Lake","2021-09-22 18:48",100,50.08744,-120.61813,TRUE,FALSE,FALSE,"S95039655",175
"176","rewbla","Red-winged Blackbird","Agelaius phoeniceus","L1501897","Victoria--Florence Lake","2021-09-23 18:45",20,48.4584739,-123.5116279,TRUE,FALSE,FALSE,"S95083303",176
"177","rewbla","Red-winged Blackbird","Agelaius phoeniceus","L282183","Nanaimo--Buttertubs Marsh","2021-09-24 18:36",15,49.1709246,-123.9707676,TRUE,FALSE,FALSE,"S95123631",177
"178","rewbla","Red-winged Blackbird","Agelaius phoeniceus","L122407","Osoyoos--Road 22 and dykes (general)","2021-09-25 18:14",8,49.0892696,-119.5351982,TRUE,FALSE,FALSE,"S95177114",178
"179","rewbla","Red-winged Blackbird","Agelaius phoeniceus","L459862","Kelowna--Munson Pond","2021-09-26 16:10",2,49.8640484,-119.4603539,TRUE,FALSE,FALSE,"S95230818",179
"180","rewbla","Red-winged Blackbird","Agelaius phoeniceus","L6244181","Pendray Farm (Private Property), North Saanich","2021-09-27 18:29",1,48.6408227,-123.4476775,TRUE,FALSE,FALSE,"S97549933",180
"181","rewbla","Red-winged Blackbird","Agelaius phoeniceus","L843052","Burnaby Lake--Piper Spit","2021-09-28 18:28",2,49.2420768,-122.9354453,TRUE,FALSE,FALSE,"S95321316",181
"182","rewbla","Red-winged Blackbird","Agelaius phoeniceus","L282183","Nanaimo--Buttertubs Marsh","2021-09-29 18:06",0,49.1709246,-123.9707676,TRUE,FALSE,FALSE,"S95362973",182
"183","rewbla","Red-winged Blackbird","Agelaius phoeniceus","L282183","Nanaimo--Buttertubs Marsh","2021-09-30 18:12",0,49.1709246,-123.9707676,TRUE,FALSE,FALSE,"S95410474",183
"184","rewbla","Red-winged Blackbird","Agelaius phoeniceus","L348441","Swan Lake Nature Sanctuary, Victoria","2021-10-01 18:25",15,48.4645558,-123.3738041,TRUE,FALSE,FALSE,"S95458438",184
"185","rewbla","Red-winged Blackbird","Agelaius phoeniceus","L633025","Victoria--Panama Flats","2021-10-02 17:40",150,48.4763354,-123.4029007,TRUE,FALSE,FALSE,"S95516039",185
"186","rewbla","Red-winged Blackbird","Agelaius phoeniceus","L1336428","Metchosin--Taylor Road","2021-10-03 17:56",24,48.3684777,-123.5381735,TRUE,FALSE,FALSE,"S95568097",186
"187","rewbla","Red-winged Blackbird","Agelaius phoeniceus","L348441","Swan Lake Nature Sanctuary, Victoria","2021-10-04 18:15",10,48.4645558,-123.3738041,TRUE,FALSE,FALSE,"S95616170",187
"188","rewbla","Red-winged Blackbird","Agelaius phoeniceus","L294707","Scout Island, Williams Lake","2021-10-05 18:09",16,52.11975,-122.11961,TRUE,FALSE,FALSE,"S95655417",188
"189","rewbla","Red-winged Blackbird","Agelaius phoeniceus","L12110225","Saanich Field","2021-10-06 18:04",1,48.4785684,-123.313946,TRUE,FALSE,TRUE,"S95697946",189
"190","rewbla","Red-winged Blackbird","Agelaius phoeniceus","L348441","Swan Lake Nature Sanctuary, Victoria","2021-10-07 18:15",5,48.4645558,-123.3738041,TRUE,FALSE,FALSE,"S95744265",190
"191","rewbla","Red-winged Blackbird","Agelaius phoeniceus","L1501897","Victoria--Florence Lake","2021-10-08 17:55",5,48.4584739,-123.5116279,TRUE,FALSE,FALSE,"S95795110",191
"192","rewbla","Red-winged Blackbird","Agelaius phoeniceus","L16563651","Buttertubs marsh","2021-10-09 20:29",5,49.1707266,-123.9735663,TRUE,FALSE,TRUE,"S95891678",192
"193","rewbla","Red-winged Blackbird","Agelaius phoeniceus","L15694923","Clayton Pond","2021-10-10 18:26",4,49.121332,-122.686121,TRUE,FALSE,TRUE,"S96515686",193
"194","rewbla","Red-winged Blackbird","Agelaius phoeniceus","L350184","Brydon Lagoon--Langley","2021-10-11 17:45",0,49.09851,-122.67781,TRUE,FALSE,FALSE,"S96041802",194
"195","rewbla","Red-winged Blackbird","Agelaius phoeniceus","L651762","Vernon--Polson Park","2021-10-12 14:25",5,50.2580987,-119.2702603,TRUE,FALSE,FALSE,"S96051028",195
"196","rewbla","Red-winged Blackbird","Agelaius phoeniceus","L7843012","Okanagan Falls- KVR trail North","2021-10-13 17:20",15,49.3544522,-119.5805383,TRUE,FALSE,FALSE,"S96097657",196
"197","rewbla","Red-winged Blackbird","Agelaius phoeniceus","L351678","Sooke--Whiffin Spit Park","2021-10-14 17:16",4,48.356466,-123.7245941,TRUE,FALSE,FALSE,"S96137104",197
"198","rewbla","Red-winged Blackbird","Agelaius phoeniceus","L2225130","V1E3Z7","2021-10-15 16:55",1,50.7124526,-119.2655826,TRUE,FALSE,TRUE,"S96202058",198
"199","rewbla","Red-winged Blackbird","Agelaius phoeniceus","L15419028","Panama Hill Park, Saanich CA-BC 48.47762, -123.40257","2021-10-16 18:19",3,48.47762,-123.402569,TRUE,FALSE,TRUE,"S96253352",199
"200","rewbla","Red-winged Blackbird","Agelaius phoeniceus","L6244181","Pendray Farm (Private Property), North Saanich","2021-10-17 17:24",1,48.6408227,-123.4476775,TRUE,FALSE,FALSE,"S96311664",200
"201","rewbla","Red-winged Blackbird","Agelaius phoeniceus","L12960271","1385 Borland Rd, Williams Lake CA-BC 52.12264, -122.11808","2021-10-18 21:00",10,52.122643,-122.118083,TRUE,FALSE,TRUE,"S96414445",201
"202","rewbla","Red-winged Blackbird","Agelaius phoeniceus","L344712","Rocky Point Bird Observatory (restricted access)","2021-10-19 17:42",5,48.3198007,-123.54715,TRUE,FALSE,FALSE,"S96481438",202
"203","rewbla","Red-winged Blackbird","Agelaius phoeniceus","L1501897","Victoria--Florence Lake","2021-10-20 18:10",2,48.4584739,-123.5116279,TRUE,FALSE,FALSE,"S96496173",203
"204","rewbla","Red-winged Blackbird","Agelaius phoeniceus","L285747","Boundary Bay--72nd St. Access","2021-10-21 16:35",4,49.0595,-123.02424,TRUE,FALSE,FALSE,"S96541327",204
"205","rewbla","Red-winged Blackbird","Agelaius phoeniceus","L1539988","Nanaimo--Diver Lake","2021-10-22 17:57",5,49.2019994,-124.0145096,TRUE,FALSE,FALSE,"S96570143",205
"206","rewbla","Red-winged Blackbird","Agelaius phoeniceus","L5297344","Errington--SM Farms","2021-10-23 17:18",100,49.301788,-124.3699379,TRUE,FALSE,FALSE,"S96619268",206
"207","rewbla","Red-winged Blackbird","Agelaius phoeniceus","L780600","Longview (formerly Vantreight) Farms bulb fields","2021-10-24 16:45",4,48.6074048,-123.4042096,TRUE,FALSE,FALSE,"S96669869",207
"208","rewbla","Red-winged Blackbird","Agelaius phoeniceus","L6244181","Pendray Farm (Private Property), North Saanich","2021-10-25 17:56",3,48.6408227,-123.4476775,TRUE,FALSE,FALSE,"S97552021",208
"209","rewbla","Red-winged Blackbird","Agelaius phoeniceus","L633025","Victoria--Panama Flats","2021-10-26 18:10",0,48.4763354,-123.4029007,TRUE,FALSE,FALSE,"S96755982",209
"210","rewbla","Red-winged Blackbird","Agelaius phoeniceus","L3403984","My house near Quicks Bottom Park","2021-10-27 17:11",1,48.498205,-123.3953798,TRUE,FALSE,TRUE,"S97246585",210
"211","rewbla","Red-winged Blackbird","Agelaius phoeniceus","L341497","Vancouver--Devonian Harbour Park","2021-10-28 17:20",20,49.29466,-123.13543,TRUE,FALSE,FALSE,"S96861846",211
"212","rewbla","Red-winged Blackbird","Agelaius phoeniceus","L12688069","Honeymoon Bay, Cowichan Valley F CA-BC 48.82170, -124.18235","2021-10-29 17:39",3,48.821699,-124.182353,TRUE,FALSE,TRUE,"S97224480",212
"213","rewbla","Red-winged Blackbird","Agelaius phoeniceus","L9903331","Personal Yard (private)","2021-10-30 17:34",1,48.5544747,-123.4331737,TRUE,FALSE,TRUE,"S96908124",213
"214","rewbla","Red-winged Blackbird","Agelaius phoeniceus","L13262288","750 Third Street, Nanaimo, British Columbia, CA (49.166, -123.973)jinglepot road lot","2021-10-31 17:56",11,49.1663503,-123.9729841,TRUE,FALSE,TRUE,"S96965466",214
"215","rewbla","Red-winged Blackbird","Agelaius phoeniceus","L12583114","Powell River - Cranberry Lake","2021-11-01 17:39",4,49.866466,-124.514954,TRUE,FALSE,FALSE,"S97008313",215
"216","rewbla","Red-winged Blackbird","Agelaius phoeniceus","L2111562","Eaglet Lake","2021-11-02 16:20",4,54.104804,-122.2852135,TRUE,FALSE,FALSE,"S97054007",216
"217","rewbla","Red-winged Blackbird","Agelaius phoeniceus","L15694923","Clayton Pond","2021-11-03 17:28",1,49.121332,-122.686121,TRUE,FALSE,TRUE,"S97091056",217
"218","rewbla","Red-winged Blackbird","Agelaius phoeniceus","L365670","Viaduct Flats, Saanich","2021-11-04 17:41",7,48.4988058,-123.4182215,TRUE,FALSE,FALSE,"S97135777",218
"219","rewbla","Red-winged Blackbird","Agelaius phoeniceus","L348441","Swan Lake Nature Sanctuary, Victoria","2021-11-05 17:15",3,48.4645558,-123.3738041,TRUE,FALSE,FALSE,"S97191414",219
"220","rewbla","Red-winged Blackbird","Agelaius phoeniceus","L10305379","Delta - Tsawwassen Springs","2021-11-06 16:45",2,49.031795,-123.081419,TRUE,FALSE,TRUE,"S97221361",220
"221","rewbla","Red-winged Blackbird","Agelaius phoeniceus","L348441","Swan Lake Nature Sanctuary, Victoria","2021-11-07 16:10",6,48.4645558,-123.3738041,TRUE,FALSE,FALSE,"S97374616",221
"222","rewbla","Red-winged Blackbird","Agelaius phoeniceus","L633025","Victoria--Panama Flats","2021-11-08 15:30",0,48.4763354,-123.4029007,TRUE,FALSE,FALSE,"S97335628",222
"223","rewbla","Red-winged Blackbird","Agelaius phoeniceus","L459862","Kelowna--Munson Pond","2021-11-09 15:50",2,49.8640484,-119.4603539,TRUE,FALSE,FALSE,"S97377008",223
"224","rewbla","Red-winged Blackbird","Agelaius phoeniceus","L16865457","Westcan Terminal Road, Duncan, British Columbia, CA (48.755, -123.648)","2021-11-10 16:26",1,48.7552905,-123.647585,TRUE,FALSE,TRUE,"S97413709",224
"225","rewbla","Red-winged Blackbird","Agelaius phoeniceus","L1336428","Metchosin--Taylor Road","2021-11-11 15:30",12,48.3684777,-123.5381735,TRUE,FALSE,FALSE,"S97455290",225
"226","rewbla","Red-winged Blackbird","Agelaius phoeniceus","L311852","Martindale Flats","2021-11-12 16:00",0,48.5614886,-123.381999,TRUE,FALSE,FALSE,"S97496963",226
"227","rewbla","Red-winged Blackbird","Agelaius phoeniceus","L348441","Swan Lake Nature Sanctuary, Victoria","2021-11-13 15:30",4,48.4645558,-123.3738041,TRUE,FALSE,FALSE,"S97545301",227
"228","rewbla","Red-winged Blackbird","Agelaius phoeniceus","L341420","Courtenay airpark","2021-11-14 15:11",18,49.6800671,-124.9791918,TRUE,FALSE,FALSE,"S97595472",228
"229","rewbla","Red-winged Blackbird","Agelaius phoeniceus","L164543","North Vancouver--Maplewood Conservation Area","2021-11-15 14:40",1,49.305843,-123.00034,TRUE,FALSE,FALSE,"S97679311",229
"230","rewbla","Red-winged Blackbird","Agelaius phoeniceus","L3529754","Former Sandown Racetrack property","2021-11-16 16:37",0,48.6598452,-123.4245944,TRUE,FALSE,FALSE,"S97739406",230
"231","rewbla","Red-winged Blackbird","Agelaius phoeniceus","L311852","Martindale Flats","2021-11-17 16:02",11,48.5614886,-123.381999,TRUE,FALSE,FALSE,"S97730148",231
"232","rewbla","Red-winged Blackbird","Agelaius phoeniceus","L15694923","Clayton Pond","2021-11-18 16:10",1,49.121332,-122.686121,TRUE,FALSE,TRUE,"S97761057",232
"233","rewbla","Red-winged Blackbird","Agelaius phoeniceus","L3734785","Comox--Point Holmes","2021-11-19 16:08",3,49.6920365,-124.8690605,TRUE,FALSE,FALSE,"S97905485",233
"234","rewbla","Red-winged Blackbird","Agelaius phoeniceus","L7312370","Park Lake Estates MHP Pond","2021-11-20 15:52",1,49.846811,-119.624033,TRUE,FALSE,TRUE,"S97848466",234
"235","rewbla","Red-winged Blackbird","Agelaius phoeniceus","L3702342","Victoria--Royal Oak Golf Course","2021-11-21 21:20",2,48.5050047,-123.3921504,TRUE,FALSE,FALSE,"S97913980",235
"236","rewbla","Red-winged Blackbird","Agelaius phoeniceus","L16957428","Royal Oak Golf Course","2021-11-22 15:40",1,48.50317,-123.390251,TRUE,FALSE,TRUE,"S97986651",236
"237","rewbla","Red-winged Blackbird","Agelaius phoeniceus","L1539988","Nanaimo--Diver Lake","2021-11-23 16:23",13,49.2019994,-124.0145096,TRUE,FALSE,FALSE,"S97989217",237
"238","rewbla","Red-winged Blackbird","Agelaius phoeniceus","L3702342","Victoria--Royal Oak Golf Course","2021-11-24 15:28",2,48.5050047,-123.3921504,TRUE,FALSE,FALSE,"S98027907",238
"239","rewbla","Red-winged Blackbird","Agelaius phoeniceus","L8638109","Johnston Sub / Yard, Quesnel BC","2021-11-25 15:19",40,52.974028,-122.474864,TRUE,FALSE,TRUE,"S98068569",239
"240","rewbla","Red-winged Blackbird","Agelaius phoeniceus","L311852","Martindale Flats","2021-11-26 15:13",2,48.5614886,-123.381999,TRUE,FALSE,FALSE,"S98109619",240
"241","rewbla","Red-winged Blackbird","Agelaius phoeniceus","L7923171","Osoyoos--Road 22--dykes south of bridge","2021-11-27 14:46",10,49.0833696,-119.5272107,TRUE,FALSE,FALSE,"S98160913",241
"242","rewbla","Red-winged Blackbird","Agelaius phoeniceus","L365670","Viaduct Flats, Saanich","2021-11-28 15:56",1,48.4988058,-123.4182215,TRUE,FALSE,FALSE,"S98219402",242
"243","rewbla","Red-winged Blackbird","Agelaius phoeniceus","L6634355","Beaver Lake Equestrian center pond","2021-11-29 16:06",7,48.5101282,-123.3988397,TRUE,FALSE,FALSE,"S98262362",243
"244","rewbla","Red-winged Blackbird","Agelaius phoeniceus","L633025","Victoria--Panama Flats","2021-11-30 16:05",14,48.4763354,-123.4029007,TRUE,FALSE,FALSE,"S98371620",244
"245","rewbla","Red-winged Blackbird","Agelaius phoeniceus","L833055","Central Saanich--<U+023E>IKEL (Maber Flats)","2021-12-01 15:36",1,48.5724686,-123.4305167,TRUE,FALSE,FALSE,"S98338027",245
"246","rewbla","Red-winged Blackbird","Agelaius phoeniceus","L298193","Colony Farm","2021-12-02 15:38",2,49.23429,-122.7996362,TRUE,FALSE,FALSE,"S98384642",246
"247","rewbla","Red-winged Blackbird","Agelaius phoeniceus","L5628185","Langley--Yorkson Pond","2021-12-03 15:29",1,49.1566535,-122.6440018,TRUE,FALSE,FALSE,"S98423007",247
"248","rewbla","Red-winged Blackbird","Agelaius phoeniceus","L843052","Burnaby Lake--Piper Spit","2021-12-04 16:00",0,49.2420768,-122.9354453,TRUE,FALSE,FALSE,"S98478514",248
"249","rewbla","Red-winged Blackbird","Agelaius phoeniceus","L265167","Kelowna--Capital News Centre/Thomson Brook Pond","2021-12-05 15:26",50,49.8343299,-119.4820046,TRUE,FALSE,FALSE,"S98525978",249
"250","rewbla","Red-winged Blackbird","Agelaius phoeniceus","L341497","Vancouver--Devonian Harbour Park","2021-12-06 16:13",25,49.29466,-123.13543,TRUE,FALSE,FALSE,"S98573336",250
"251","rewbla","Red-winged Blackbird","Agelaius phoeniceus","L10708122","McKenzie Rd","2021-12-07 14:50",200,49.017075,-122.282049,TRUE,TRUE,TRUE,"S99156677",251
"252","rewbla","Red-winged Blackbird","Agelaius phoeniceus","L124345","Reifel Bird Sanctuary","2021-12-08 15:17",1,49.1,-123.185,TRUE,FALSE,FALSE,"S98645968",252
"253","rewbla","Red-winged Blackbird","Agelaius phoeniceus","L833055","Central Saanich--<U+023E>IKEL (Maber Flats)","2021-12-09 15:26",20,48.5724686,-123.4305167,TRUE,FALSE,FALSE,"S98697661",253
"254","rewbla","Red-winged Blackbird","Agelaius phoeniceus","L3915411","Vernon--Swan Lake grassland trail","2021-12-10 14:59",30,50.2950969,-119.270153,TRUE,FALSE,FALSE,"S98719096",254
"255","rewbla","Red-winged Blackbird","Agelaius phoeniceus","L282183","Nanaimo--Buttertubs Marsh","2021-12-11 15:43",14,49.1709246,-123.9707676,TRUE,FALSE,FALSE,"S98765832",255
"256","rewbla","Red-winged Blackbird","Agelaius phoeniceus","L6634355","Beaver Lake Equestrian center pond","2021-12-12 14:29",1,48.5101282,-123.3988397,TRUE,FALSE,FALSE,"S98823062",256
"257","rewbla","Red-winged Blackbird","Agelaius phoeniceus","L3915411","Vernon--Swan Lake grassland trail","2021-12-13 15:29",15,50.2950969,-119.270153,TRUE,FALSE,FALSE,"S98855879",257
"258","rewbla","Red-winged Blackbird","Agelaius phoeniceus","L10268893","Beaver Road, Victoria CA-BC","2021-12-14 15:42",6,48.50179,-123.4132461,TRUE,FALSE,TRUE,"S98896497",258
"259","rewbla","Red-winged Blackbird","Agelaius phoeniceus","L352723","Okanagan Landing--Vernon Creek mouth","2021-12-15 14:51",19,50.24469,-119.34437,TRUE,FALSE,FALSE,"S98942483",259
"260","rewbla","Red-winged Blackbird","Agelaius phoeniceus","L5465148","Nanaimo--Cedar Rd Landfill","2021-12-16 23:36",0,49.1204044,-123.9032507,TRUE,FALSE,FALSE,"S100439910",260
"261","rewbla","Red-winged Blackbird","Agelaius phoeniceus","L17090363","2548 Lakeshore Rd, Vernon CA-BC (50.2402,-119.3421)","2021-12-17 15:27",17,50.240235,-119.342078,TRUE,FALSE,TRUE,"S99019117",261
"262","rewbla","Red-winged Blackbird","Agelaius phoeniceus","L17133757","2641–3199 McCabe Rd, Bulkley-Nechako CA-BC 54.81618, -127.09331","2021-12-18 16:05",1,54.816181,-127.093314,TRUE,FALSE,TRUE,"S99076889",262
"263","rewbla","Red-winged Blackbird","Agelaius phoeniceus","L13262288","750 Third Street, Nanaimo, British Columbia, CA (49.166, -123.973)jinglepot road lot","2021-12-19 17:01",26,49.1663503,-123.9729841,TRUE,FALSE,TRUE,"S99147515",263
"264","rewbla","Red-winged Blackbird","Agelaius phoeniceus","L633025","Victoria--Panama Flats","2021-12-20 15:09",35,48.4763354,-123.4029007,TRUE,FALSE,FALSE,"S99203380",264
"265","rewbla","Red-winged Blackbird","Agelaius phoeniceus","L843052","Burnaby Lake--Piper Spit","2021-12-21 14:45",20,49.2420768,-122.9354453,TRUE,FALSE,FALSE,"S99255760",265
"266","rewbla","Red-winged Blackbird","Agelaius phoeniceus","L311852","Martindale Flats","2021-12-22 16:18",2,48.5614886,-123.381999,TRUE,FALSE,FALSE,"S99296198",266
"267","rewbla","Red-winged Blackbird","Agelaius phoeniceus","L1324131","Metchosin--Swanwick Rd.","2021-12-23 15:12",15,48.3610397,-123.5424614,TRUE,FALSE,FALSE,"S99342544",267
"268","rewbla","Red-winged Blackbird","Agelaius phoeniceus","L637257","Victoria--Cedar Hill Golf Course","2021-12-24 15:15",12,48.4539119,-123.34548,TRUE,FALSE,FALSE,"S99383762",268
"269","rewbla","Red-winged Blackbird","Agelaius phoeniceus","L348400","East Delta (E of BC 17A and S of BC 99)","2021-12-25 15:35",50,49.0721122,-122.9898834,TRUE,FALSE,TRUE,"S99430451",269
"270","rewbla","Red-winged Blackbird","Agelaius phoeniceus","L11082265","5329 Windjammer Road, Delta, British Columbia, CA (49.108, -123.076)","2021-12-26 15:36",20,49.1077784,-123.0763501,TRUE,FALSE,TRUE,"S99483823",270
"271","rewbla","Red-winged Blackbird","Agelaius phoeniceus","L4243843","home","2021-12-27 15:27",15,49.4930004,-119.6289287,TRUE,FALSE,TRUE,"S99543091",271
"272","rewbla","Red-winged Blackbird","Agelaius phoeniceus","L960188","Fort Langley","2021-12-28 15:25",4,49.1623997,-122.5868225,TRUE,FALSE,FALSE,"S99602545",272
"273","rewbla","Red-winged Blackbird","Agelaius phoeniceus","L12496251","home","2021-12-29 15:24",10,48.4316101,-123.5236435,TRUE,FALSE,TRUE,"S99662661",273
"274","rewbla","Red-winged Blackbird","Agelaius phoeniceus","L1532042","Beckwith Park, Saanich","2021-12-30 15:39",40,48.480673,-123.369953,TRUE,FALSE,FALSE,"S99721590",274
"275","rewbla","Red-winged Blackbird","Agelaius phoeniceus","L282183","Nanaimo--Buttertubs Marsh","2021-12-31 15:46",42,49.1709246,-123.9707676,TRUE,FALSE,FALSE,"S99937288",275
"276","rewbla","Red-winged Blackbird","Agelaius phoeniceus","L8908867","Detention Pond Erickson Rd. and forest","2022-01-01 16:10",10,49.9568947,-125.2283124,TRUE,FALSE,TRUE,"S99885702",276
"277","rewbla","Red-winged Blackbird","Agelaius phoeniceus","L843052","Burnaby Lake--Piper Spit","2022-01-02 19:15",45,49.2420768,-122.9354453,TRUE,FALSE,FALSE,"S99993023",277
"278","rewbla","Red-winged Blackbird","Agelaius phoeniceus","L16563683","Beach Grove, Delta CA-BC 49.02306, -123.04963","2022-01-03 16:03",20,49.023056,-123.049629,TRUE,FALSE,TRUE,"S100061756",278
"279","rewbla","Red-winged Blackbird","Agelaius phoeniceus","L843052","Burnaby Lake--Piper Spit","2022-01-04 15:14",0,49.2420768,-122.9354453,TRUE,FALSE,FALSE,"S100126871",279
"280","rewbla","Red-winged Blackbird","Agelaius phoeniceus","L3915411","Vernon--Swan Lake grassland trail","2022-01-05 16:20",100,50.2950969,-119.270153,TRUE,FALSE,FALSE,"S100197012",280
"281","rewbla","Red-winged Blackbird","Agelaius phoeniceus","L10905478","Northfield Marsh Park","2022-01-06 16:18",1,49.1923761,-124.0043592,TRUE,FALSE,FALSE,"S100255471",281
"282","rewbla","Red-winged Blackbird","Agelaius phoeniceus","L348441","Swan Lake Nature Sanctuary, Victoria","2022-01-07 17:28",25,48.4645558,-123.3738041,TRUE,FALSE,FALSE,"S100319667",282
"283","rewbla","Red-winged Blackbird","Agelaius phoeniceus","L330866","Rithet's Bog","2022-01-08 17:00",0,48.4914991,-123.3790527,TRUE,FALSE,FALSE,"S100392662",283
"284","rewbla","Red-winged Blackbird","Agelaius phoeniceus","L261851","Iona Island (General)","2022-01-09 17:41",0,49.2213299,-123.2110997,TRUE,FALSE,FALSE,"S100468809",284
"285","rewbla","Red-winged Blackbird","Agelaius phoeniceus","L3403984","My house near Quicks Bottom Park","2022-01-10 16:20",1,48.498205,-123.3953798,TRUE,FALSE,TRUE,"S100529793",285
"286","rewbla","Red-winged Blackbird","Agelaius phoeniceus","L12675065","Polson Park Boardwalk.","2022-01-11 15:00",26,50.2538407,-119.2667668,TRUE,FALSE,TRUE,"S100578083",286
"287","rewbla","Red-winged Blackbird","Agelaius phoeniceus","L15694923","Clayton Pond","2022-01-12 15:57",3,49.121332,-122.686121,TRUE,FALSE,TRUE,"S100627834",287
"288","rewbla","Red-winged Blackbird","Agelaius phoeniceus","L201443","Serpentine Fen","2022-01-13 16:30",0,49.0856161,-122.8261546,TRUE,FALSE,FALSE,"S100686347",288
"289","rewbla","Red-winged Blackbird","Agelaius phoeniceus","L17432445","42885–42959 Sinclair Rd, Chilliwack CA-BC (49.0966,-122.0406)","2022-01-14 17:38",4,49.096599,-122.040596,TRUE,FALSE,TRUE,"S100743650",289
"290","rewbla","Red-winged Blackbird","Agelaius phoeniceus","L285747","Boundary Bay--72nd St. Access","2022-01-15 16:26",50,49.0595,-123.02424,TRUE,FALSE,FALSE,"S100812058",290
"291","rewbla","Red-winged Blackbird","Agelaius phoeniceus","L282183","Nanaimo--Buttertubs Marsh","2022-01-16 16:25",8,49.1709246,-123.9707676,TRUE,FALSE,FALSE,"S100893577",291
"292","rewbla","Red-winged Blackbird","Agelaius phoeniceus","L341497","Vancouver--Devonian Harbour Park","2022-01-17 16:14",20,49.29466,-123.13543,TRUE,FALSE,FALSE,"S101006168",292
"293","rewbla","Red-winged Blackbird","Agelaius phoeniceus","L342857","Delta—Westham Island","2022-01-18 17:45",10,49.08834,-123.14819,TRUE,FALSE,FALSE,"S101012813",293
"294","rewbla","Red-winged Blackbird","Agelaius phoeniceus","L348441","Swan Lake Nature Sanctuary, Victoria","2022-01-19 16:02",7,48.4645558,-123.3738041,TRUE,FALSE,FALSE,"S101061331",294
"295","rewbla","Red-winged Blackbird","Agelaius phoeniceus","L282183","Nanaimo--Buttertubs Marsh","2022-01-20 16:35",22,49.1709246,-123.9707676,TRUE,FALSE,FALSE,"S101117323",295
"296","rewbla","Red-winged Blackbird","Agelaius phoeniceus","L633025","Victoria--Panama Flats","2022-01-21 16:33",10,48.4763354,-123.4029007,TRUE,FALSE,FALSE,"S101172227",296
"297","rewbla","Red-winged Blackbird","Agelaius phoeniceus","L350246","Esquimalt Lagoon","2022-01-22 17:31",2,48.4293999,-123.4583688,TRUE,FALSE,FALSE,"S101246992",297
"298","rewbla","Red-winged Blackbird","Agelaius phoeniceus","L6138048","Carvolth Greenspace","2022-01-23 16:20",2,49.1608657,-122.6614322,TRUE,FALSE,FALSE,"S101330864",298
"299","rewbla","Red-winged Blackbird","Agelaius phoeniceus","L17747350","467 Swift Street, Victoria, British Columbia, CA (48.429, -123.37)","2022-01-24 22:32",2,48.4294221,-123.3699695,TRUE,FALSE,TRUE,"S102648003",299
"300","rewbla","Red-winged Blackbird","Agelaius phoeniceus","L692487","Vancouver--Hinge Park","2022-01-25 16:14",30,49.2720469,-123.1108189,TRUE,FALSE,FALSE,"S101452286",300
"301","rewbla","Red-winged Blackbird","Agelaius phoeniceus","L634903","RIchmond--Minoru Park","2022-01-26 16:21",2,49.1691344,-123.1445074,TRUE,FALSE,FALSE,"S101509779",301
"302","rewbla","Red-winged Blackbird","Agelaius phoeniceus","L298193","Colony Farm","2022-01-27 20:02",200,49.23429,-122.7996362,TRUE,FALSE,FALSE,"S101564141",302
"303","rewbla","Red-winged Blackbird","Agelaius phoeniceus","L17537838","Sunset Drive, Salt Spring Island BC","2022-01-28 17:02",2,48.888629,-123.574104,TRUE,FALSE,TRUE,"S101624219",303
"304","rewbla","Red-winged Blackbird","Agelaius phoeniceus","L350246","Esquimalt Lagoon","2022-01-29 16:52",2,48.4293999,-123.4583688,TRUE,FALSE,FALSE,"S101684058",304
"305","rewbla","Red-winged Blackbird","Agelaius phoeniceus","L3188500","Sumas Prairie West (W of Whatcom Road)","2022-01-30 22:35",3,49.0173566,-122.2386074,TRUE,FALSE,FALSE,"S101880836",305
"306","rewbla","Red-winged Blackbird","Agelaius phoeniceus","L1812606","Abbotsford--Willband Creek Park","2022-01-31 17:27",2,49.0706488,-122.2811754,TRUE,FALSE,FALSE,"S101945891",306
"307","rewbla","Red-winged Blackbird","Agelaius phoeniceus","L339315","Boundary Bay - 64th-72nd Sts., Delta","2022-02-01 16:52",2,49.0501929,-123.0373175,TRUE,FALSE,FALSE,"S101873764",307
"308","rewbla","Red-winged Blackbird","Agelaius phoeniceus","L208396","Richmond--West Dyke Trail","2022-02-02 15:50",30,49.1628649,-123.1970823,TRUE,FALSE,FALSE,"S101930188",308
"309","rewbla","Red-winged Blackbird","Agelaius phoeniceus","L141261","Riverbank","2022-02-03 19:45",71,49.0844536,-123.1089859,TRUE,FALSE,TRUE,"S101986043",309
"310","rewbla","Red-winged Blackbird","Agelaius phoeniceus","L3525006","Port Coquitlam--Blakeburn Lagoons","2022-02-04 17:11",2,49.2658325,-122.7367628,TRUE,FALSE,FALSE,"S102034600",310
"311","rewbla","Red-winged Blackbird","Agelaius phoeniceus","L3403984","My house near Quicks Bottom Park","2022-02-05 17:28",1,48.498205,-123.3953798,TRUE,FALSE,TRUE,"S102102917",311
"312","rewbla","Red-winged Blackbird","Agelaius phoeniceus","L196159","Vancouver--Trout Lake (John Hendry Park)","2022-02-06 16:56",1,49.255958,-123.062325,TRUE,FALSE,FALSE,"S102181728",312
"313","rewbla","Red-winged Blackbird","Agelaius phoeniceus","L834138","Delta--Wellington Point Park","2022-02-07 16:54",4,49.0862342,-123.1213224,TRUE,FALSE,FALSE,"S102249352",313
"314","rewbla","Red-winged Blackbird","Agelaius phoeniceus","L285563","Kelowna--Rotary Marsh","2022-02-08 16:48",1,49.8956948,-119.5000243,TRUE,FALSE,FALSE,"S102304341",314
"315","rewbla","Red-winged Blackbird","Agelaius phoeniceus","L1408782","Burnaby Lake--Sperling Ave access","2022-02-09 16:46",2,49.2553426,-122.9647416,TRUE,FALSE,FALSE,"S102357529",315
"316","rewbla","Red-winged Blackbird","Agelaius phoeniceus","L4433184","Stevens-Echo trail","2022-02-10 16:41",1,48.5148021,-123.4312773,TRUE,FALSE,TRUE,"S102456496",316
"317","rewbla","Red-winged Blackbird","Agelaius phoeniceus","L365670","Viaduct Flats, Saanich","2022-02-11 17:40",7,48.4988058,-123.4182215,TRUE,FALSE,FALSE,"S102462865",317
"318","rewbla","Red-winged Blackbird","Agelaius phoeniceus","L345322","Pitt Wildlife Management Area and Vicinity","2022-02-12 21:10",3,49.3180361,-122.6385918,TRUE,FALSE,FALSE,"S102542244",318
"319","rewbla","Red-winged Blackbird","Agelaius phoeniceus","L1099637","Pitt Meadows--Connecting Road Area","2022-02-13 16:33",1,49.25677,-122.6616132,TRUE,FALSE,FALSE,"S102605335",319
"320","rewbla","Red-winged Blackbird","Agelaius phoeniceus","L285563","Kelowna--Rotary Marsh","2022-02-14 16:16",5,49.8956948,-119.5000243,TRUE,FALSE,FALSE,"S102661499",320
"321","rewbla","Red-winged Blackbird","Agelaius phoeniceus","L8846017","Denman Rd Retention Pond","2022-02-15 17:01",3,49.9613424,-125.2260851,TRUE,FALSE,TRUE,"S102713669",321
"322","rewbla","Red-winged Blackbird","Agelaius phoeniceus","L846980","Courtenay--Comox Harbour, 31st St","2022-02-16 17:45",6,49.6705928,-124.9764991,TRUE,FALSE,FALSE,"S102767402",322
"323","rewbla","Red-winged Blackbird","Agelaius phoeniceus","L196159","Vancouver--Trout Lake (John Hendry Park)","2022-02-17 17:13",0,49.255958,-123.062325,TRUE,FALSE,FALSE,"S102819648",323
"324","rewbla","Red-winged Blackbird","Agelaius phoeniceus","L124345","Reifel Bird Sanctuary","2022-02-18 20:04",23,49.1,-123.185,TRUE,FALSE,FALSE,"S102954397",324
"325","rewbla","Red-winged Blackbird","Agelaius phoeniceus","L13102245","Spit","2022-02-19 18:15",15,49.959662,-125.236685,TRUE,FALSE,TRUE,"S103128175",325
"326","rewbla","Red-winged Blackbird","Agelaius phoeniceus","L17883412","13723 Crescent Road, Surrey, British Columbia, CA (49.066, -122.843)","2022-02-20 22:11",3,49.0656026,-122.8425185,TRUE,FALSE,TRUE,"S103483073",326
"327","rewbla","Red-winged Blackbird","Agelaius phoeniceus","L367691","Elgin Heritage Park, South Surrey","2022-02-21 21:52",2,49.0645877,-122.8478336,TRUE,FALSE,FALSE,"S103482843",327
"328","rewbla","Red-winged Blackbird","Agelaius phoeniceus","L4051180","Vancouver--Harbour Green Park","2022-02-22 17:26",100,49.2908389,-123.1223524,TRUE,FALSE,FALSE,"S103547048",328
"329","rewbla","Red-winged Blackbird","Agelaius phoeniceus","L17903084","946 13th Ave, Midway CA-BC 49.01368, -118.79120","2022-02-23 20:34",4,49.013676,-118.791198,TRUE,FALSE,TRUE,"S103609172",329
"330","rewbla","Red-winged Blackbird","Agelaius phoeniceus","L311854","Island View Beach","2022-02-24 17:44",3,48.5751003,-123.3681107,TRUE,FALSE,FALSE,"S103664410",330
"331","rewbla","Red-winged Blackbird","Agelaius phoeniceus","L465002","Campbell River--Tyee Spit","2022-02-25 17:58",2,50.0498092,-125.2564144,TRUE,FALSE,FALSE,"S103720670",331
"332","rewbla","Red-winged Blackbird","Agelaius phoeniceus","L7548222","The Bog","2022-02-26 18:13",1,49.1902866,-122.5976372,TRUE,FALSE,TRUE,"S105624284",332
"333","rewbla","Red-winged Blackbird","Agelaius phoeniceus","L3401353","Fanny Bay Conservation Area","2022-02-27 16:47",3,49.5006463,-124.8081958,TRUE,FALSE,FALSE,"S103877673",333
"334","rewbla","Red-winged Blackbird","Agelaius phoeniceus","L386711","Surrey Lake Park","2022-02-28 17:00",4,49.1392142,-122.8002834,TRUE,FALSE,FALSE,"S103942072",334
"335","rewbla","Red-winged Blackbird","Agelaius phoeniceus","L7061789","Burnaby--Big Bend area","2022-03-01 23:04",12,49.1947282,-122.9859996,TRUE,FALSE,FALSE,"S104009257",335
"336","rewbla","Red-winged Blackbird","Agelaius phoeniceus","L348441","Swan Lake Nature Sanctuary, Victoria","2022-03-02 18:00",5,48.4645558,-123.3738041,TRUE,FALSE,FALSE,"S104119237",336
"337","rewbla","Red-winged Blackbird","Agelaius phoeniceus","L2313567","Wilson Creek estuary","2022-03-03 17:15",1,49.4383849,-123.7127495,TRUE,FALSE,FALSE,"S104121682",337
"338","rewbla","Red-winged Blackbird","Agelaius phoeniceus","L348441","Swan Lake Nature Sanctuary, Victoria","2022-03-04 17:00",6,48.4645558,-123.3738041,TRUE,FALSE,FALSE,"S104185436",338
"339","rewbla","Red-winged Blackbird","Agelaius phoeniceus","L11219905","Pitt Meadows--Grant Narrows Nature Trail","2022-03-05 21:54",1,49.348243,-122.615164,TRUE,FALSE,FALSE,"S104267584",339
"340","rewbla","Red-winged Blackbird","Agelaius phoeniceus","L17667336","Tsawwassen — Southlands Drive","2022-03-06 18:06",2,49.007768,-123.057802,TRUE,FALSE,FALSE,"S104345698",340
"341","rewbla","Red-winged Blackbird","Agelaius phoeniceus","L10305379","Delta - Tsawwassen Springs","2022-03-07 17:55",1,49.031795,-123.081419,TRUE,FALSE,TRUE,"S104402910",341
"342","rewbla","Red-winged Blackbird","Agelaius phoeniceus","L797570","Cowichan Bay","2022-03-08 17:38",16,48.7530765,-123.6386776,TRUE,FALSE,FALSE,"S104470832",342
"343","rewbla","Red-winged Blackbird","Agelaius phoeniceus","L196159","Vancouver--Trout Lake (John Hendry Park)","2022-03-09 17:41",3,49.255958,-123.062325,TRUE,FALSE,FALSE,"S104523543",343
"344","rewbla","Red-winged Blackbird","Agelaius phoeniceus","L1539988","Nanaimo--Diver Lake","2022-03-10 17:40",4,49.2019994,-124.0145096,TRUE,FALSE,FALSE,"S104580119",344
"345","rewbla","Red-winged Blackbird","Agelaius phoeniceus","L17982478","150 Chatham Place, Penticton, British Columbia, CA (49.475, -119.593)","2022-03-11 17:28",6,49.4752511,-119.5934164,TRUE,FALSE,TRUE,"S104639787",345
"346","rewbla","Red-winged Blackbird","Agelaius phoeniceus","L164543","North Vancouver--Maplewood Conservation Area","2022-03-12 17:28",2,49.305843,-123.00034,TRUE,FALSE,FALSE,"S104778224",346
"347","rewbla","Red-winged Blackbird","Agelaius phoeniceus","L10182303","Kelowna--Mission Creek Greenway (Gordon Dr to Casorso Rd)","2022-03-13 18:39",5,49.8434456,-119.4750812,TRUE,FALSE,FALSE,"S104785697",347
"348","rewbla","Red-winged Blackbird","Agelaius phoeniceus","L18127880","Chilcotin-Bella Coola Highway, Kleena Kleene, British Columbia, CA (51.978, -124.996)","2022-03-14 18:24",14,51.9783725,-124.9955748,TRUE,FALSE,TRUE,"S104884443",348
"349","rewbla","Red-winged Blackbird","Agelaius phoeniceus","L298193","Colony Farm","2022-03-15 18:15",20,49.23429,-122.7996362,TRUE,FALSE,FALSE,"S104916147",349
"350","rewbla","Red-winged Blackbird","Agelaius phoeniceus","L13233532","water tower Cliffs road","2022-03-16 18:27",1,48.7806057,-123.7272782,TRUE,FALSE,TRUE,"S104975729",350
"351","rewbla","Red-winged Blackbird","Agelaius phoeniceus","L1812606","Abbotsford--Willband Creek Park","2022-03-17 22:19",3,49.0706488,-122.2811754,TRUE,FALSE,FALSE,"S105047532",351
"352","rewbla","Red-winged Blackbird","Agelaius phoeniceus","L794682","Richmond--Dyke at Steve's Farm","2022-03-18 19:05",6,49.1343492,-123.1946836,TRUE,FALSE,FALSE,"S105113698",352
"353","rewbla","Red-winged Blackbird","Agelaius phoeniceus","L350150","Tsawwassen--Centennial Beach Boundary Bay","2022-03-19 19:15",4,49.0133661,-123.0383241,TRUE,FALSE,FALSE,"S105228621",353
"354","rewbla","Red-winged Blackbird","Agelaius phoeniceus","L18197906","Pipeline Unnamed Roadend  Marsh, Nanaimo, British Columbia, CA (49.109, -123.908)","2022-03-20 18:46",2,49.1093955,-123.9082108,TRUE,FALSE,TRUE,"S105276707",354
"355","rewbla","Red-winged Blackbird","Agelaius phoeniceus","L18198521","Fairmont - Willis / River Dr.","2022-03-21 18:55",8,50.3386725,-115.8712494,TRUE,FALSE,TRUE,"S105348017",355
"356","rewbla","Red-winged Blackbird","Agelaius phoeniceus","L1823896","Bowen Island--Snug Cove","2022-03-22 19:28",1,49.3805195,-123.3265547,TRUE,FALSE,FALSE,"S105404812",356
"357","rewbla","Red-winged Blackbird","Agelaius phoeniceus","L282183","Nanaimo--Buttertubs Marsh","2022-03-23 19:15",16,49.1709246,-123.9707676,TRUE,FALSE,FALSE,"S105459880",357
"358","rewbla","Red-winged Blackbird","Agelaius phoeniceus","L14075780","Sage Greenhouses","2022-03-24 20:25",1,49.1477884,-119.5622179,TRUE,FALSE,TRUE,"S105521110",358
"359","rewbla","Red-winged Blackbird","Agelaius phoeniceus","L282714","Tsawwassen Ferry Terminal Jetty","2022-03-25 19:15",2,49.0157109,-123.117063,TRUE,FALSE,FALSE,"S105587270",359
"360","rewbla","Red-winged Blackbird","Agelaius phoeniceus","L794682","Richmond--Dyke at Steve's Farm","2022-03-26 19:31",3,49.1343492,-123.1946836,TRUE,FALSE,FALSE,"S106628081",360
"361","rewbla","Red-winged Blackbird","Agelaius phoeniceus","L6640784","Fernie (town)","2022-03-27 19:35",2,49.5137547,-115.0592566,TRUE,FALSE,FALSE,"S105746418",361
"362","rewbla","Red-winged Blackbird","Agelaius phoeniceus","L3734785","Comox--Point Holmes","2022-03-28 20:24",4,49.6920365,-124.8690605,TRUE,FALSE,FALSE,"S105814028",362
"363","rewbla","Red-winged Blackbird","Agelaius phoeniceus","L249650","Cheam Lake Wetlands Regional Park","2022-03-29 21:43",7,49.1955556,-121.7525,TRUE,FALSE,FALSE,"S105875109",363
"364","rewbla","Red-winged Blackbird","Agelaius phoeniceus","L15120221","Anthony Pl, Sooke CA-BC 48.39651, -123.72047","2022-03-30 19:10",6,48.396514,-123.720472,TRUE,FALSE,TRUE,"S105929836",364
"365","rewbla","Red-winged Blackbird","Agelaius phoeniceus","L338644","Rathtrevor Beach Provincial Park","2022-03-31 18:49",1,49.32043,-124.2683,TRUE,FALSE,FALSE,"S105990110",365
"366","rewbla","Red-winged Blackbird","Agelaius phoeniceus","L633025","Victoria--Panama Flats","2022-04-01 19:29",9,48.4763354,-123.4029007,TRUE,FALSE,FALSE,"S106059436",366
