"speciesCode","comName","sciName","locId","locName","obsDt","howMany","lat","lng","obsValid","obsReviewed","locationPrivate","subId","idu"
"rewbla","Red-winged Blackbird","Agelaius phoeniceus","L109136","Cape Island--South Cape May Meadows (SCMM)","2021-04-01 18:52",30,38.9359287,-74.9434519,TRUE,FALSE,FALSE,"S84566210",1
"rewbla","Red-winged Blackbird","Agelaius phoeniceus","L7388405","Scott’s House","2021-04-02 19:08",2,39.794824,-75.357402,TRUE,FALSE,TRUE,"S84634832",2
"rewbla","Red-winged Blackbird","Agelaius phoeniceus","L592872","Ocean Drive--Two Mile Landing","2021-04-03 19:23",2,38.9595423,-74.866333,TRUE,FALSE,FALSE,"S84744697",3
"rewbla","Red-winged Blackbird","Agelaius phoeniceus","L109136","Cape Island--South Cape May Meadows (SCMM)","2021-04-04 19:21",8,38.9359287,-74.9434519,TRUE,FALSE,FALSE,"S84819198",4
"rewbla","Red-winged Blackbird","Agelaius phoeniceus","L16459522","Top’Tillou","2021-04-05 19:27",1,40.756741,-74.273899,TRUE,FALSE,TRUE,"S97952709",5
"rewbla","Red-winged Blackbird","Agelaius phoeniceus","L298919","Johnson Park","2021-04-06 20:14",1,40.5105038,-74.4556133,TRUE,FALSE,FALSE,"S84998995",6
"rewbla","Red-winged Blackbird","Agelaius phoeniceus","L13417707","Alpha Grasslands Preserve","2021-04-07 19:32",1,40.6494706,-75.1796844,TRUE,FALSE,FALSE,"S85061571",7
"rewbla","Red-winged Blackbird","Agelaius phoeniceus","L274556","Stone Harbor Blvd--The Wetlands Institute","2021-04-08 20:55",0,39.0608166,-74.7726134,TRUE,FALSE,FALSE,"S85129313",8
"rewbla","Red-winged Blackbird","Agelaius phoeniceus","L2029129","Meadows","2021-04-09 19:09",6,40.5229665,-74.4921434,TRUE,FALSE,TRUE,"S85190643",9
"rewbla","Red-winged Blackbird","Agelaius phoeniceus","L1858968","Friendship Rd Yard","2021-04-10 18:58",2,39.7990161,-75.2406299,TRUE,FALSE,TRUE,"S85286846",10
"rewbla","Red-winged Blackbird","Agelaius phoeniceus","L275261","Stevens Street-yard","2021-04-11 18:34",15,38.9417118,-74.9477327,TRUE,FALSE,TRUE,"S85357016",11
"rewbla","Red-winged Blackbird","Agelaius phoeniceus","L353861","Carson Road Woods","2021-04-12 19:22",3,40.3330858,-74.710034,TRUE,FALSE,FALSE,"S85428801",12
"rewbla","Red-winged Blackbird","Agelaius phoeniceus","L4881215","Cape Island--CMBO's \"The Roost\" (restricted access)","2021-04-13 19:42",4,38.953483,-74.940971,TRUE,FALSE,FALSE,"S85491287",13
"rewbla","Red-winged Blackbird","Agelaius phoeniceus","L14461081","SPF Highschool","2021-04-14 19:56",1,40.6538505,-74.3838929,TRUE,FALSE,TRUE,"S85566504",14
"rewbla","Red-winged Blackbird","Agelaius phoeniceus","L1105112","Opie Road","2021-04-15 18:58",2,40.5191975,-74.7177887,TRUE,FALSE,FALSE,"S85640076",15
"rewbla","Red-winged Blackbird","Agelaius phoeniceus","L330652","Ocean City Preserve","2021-04-16 19:12",16,39.2611385,-74.6041728,TRUE,FALSE,FALSE,"S85684034",16
"rewbla","Red-winged Blackbird","Agelaius phoeniceus","L14501589","658 Keefe Road, Lawrence Township, New Jersey, US (40.311, -74.742)","2021-04-17 22:04",1,40.3112541,-74.7422698,TRUE,FALSE,TRUE,"S85776380",17
"rewbla","Red-winged Blackbird","Agelaius phoeniceus","L421287","Alonzo F. Bonsal Wildlife Preserve","2021-04-18 19:27",1,40.8504527,-74.1879487,TRUE,FALSE,FALSE,"S87339742",18
"rewbla","Red-winged Blackbird","Agelaius phoeniceus","L338885","Franklin Parker Preserve--Main Section (includes Chatsworth Lake)","2021-04-19 19:36",10,39.7788947,-74.5414848,TRUE,FALSE,FALSE,"S85947613",19
"rewbla","Red-winged Blackbird","Agelaius phoeniceus","L2221748","Sandy Hook--Nike Pond","2021-04-20 20:01",9,40.4323306,-73.9858282,TRUE,FALSE,FALSE,"S85998223",20
"rewbla","Red-winged Blackbird","Agelaius phoeniceus","L283551","Glades Wildlife Refuge--Turkey Pt.","2021-04-21 19:45",16,39.2462567,-75.1306433,TRUE,FALSE,FALSE,"S86067743",21
"rewbla","Red-winged Blackbird","Agelaius phoeniceus","L389015","Laurel Hill Park","2021-04-22 19:40",2,40.7611952,-74.0844691,TRUE,FALSE,FALSE,"S86189382",22
"rewbla","Red-winged Blackbird","Agelaius phoeniceus","L283551","Glades Wildlife Refuge--Turkey Pt.","2021-04-23 20:06",5,39.2462567,-75.1306433,TRUE,FALSE,FALSE,"S86298711",23
"rewbla","Red-winged Blackbird","Agelaius phoeniceus","L283551","Glades Wildlife Refuge--Turkey Pt.","2021-04-24 20:15",2,39.2462567,-75.1306433,TRUE,FALSE,FALSE,"S86304272",24
"rewbla","Red-winged Blackbird","Agelaius phoeniceus","L275261","Stevens Street-yard","2021-04-25 20:13",3,38.9417118,-74.9477327,TRUE,FALSE,TRUE,"S86384109",25
"rewbla","Red-winged Blackbird","Agelaius phoeniceus","L275261","Stevens Street-yard","2021-04-26 19:58",5,38.9417118,-74.9477327,TRUE,FALSE,TRUE,"S86456041",26
"rewbla","Red-winged Blackbird","Agelaius phoeniceus","L10810935","Lakewood--Lake Carasaljo & Park","2021-04-27 22:45",10,40.0936825,-74.2280536,TRUE,FALSE,FALSE,"S86574959",27
"rewbla","Red-winged Blackbird","Agelaius phoeniceus","L428002","Cape May NWR--Cedar Swamp Creek","2021-04-28 23:15",5,39.2544619,-74.7079511,TRUE,FALSE,FALSE,"S86697491",28
"rewbla","Red-winged Blackbird","Agelaius phoeniceus","L275261","Stevens Street-yard","2021-04-29 19:35",15,38.9417118,-74.9477327,TRUE,FALSE,TRUE,"S86687986",29
"rewbla","Red-winged Blackbird","Agelaius phoeniceus","L7388405","Scott’s House","2021-04-30 19:44",17,39.794824,-75.357402,TRUE,FALSE,TRUE,"S86758770",30
"rewbla","Red-winged Blackbird","Agelaius phoeniceus","L283551","Glades Wildlife Refuge--Turkey Pt.","2021-05-01 20:13",4,39.2462567,-75.1306433,TRUE,FALSE,FALSE,"S87209708",31
"rewbla","Red-winged Blackbird","Agelaius phoeniceus","L211824","Belleplain SF","2021-05-02 22:00",2,39.2354857,-74.866644,TRUE,FALSE,FALSE,"S86951429",32
"rewbla","Red-winged Blackbird","Agelaius phoeniceus","L14736338","318 Miller Ave, Branchburg US-NJ 40.58658, -74.68384","2021-05-03 20:43",6,40.586576,-74.683844,TRUE,FALSE,TRUE,"S87057275",33
"rewbla","Red-winged Blackbird","Agelaius phoeniceus","L7404966","Thompson's Beach Rd","2021-05-04 19:34",0,39.2124216,-74.9890709,TRUE,FALSE,TRUE,"S87132133",34
"rewbla","Red-winged Blackbird","Agelaius phoeniceus","L1879713","Newton Lake Park","2021-05-05 19:42",20,39.9053415,-75.0649989,TRUE,FALSE,FALSE,"S87209900",35
"rewbla","Red-winged Blackbird","Agelaius phoeniceus","L283551","Glades Wildlife Refuge--Turkey Pt.","2021-05-06 20:08",15,39.2462567,-75.1306433,TRUE,FALSE,FALSE,"S87293026",36
"rewbla","Red-winged Blackbird","Agelaius phoeniceus","L14515666","601 Vernon St, Long Branch US-NJ 40.30353, -74.00360","2021-05-07 20:51",2,40.303533,-74.003601,TRUE,FALSE,TRUE,"S87377294",37
"rewbla","Red-winged Blackbird","Agelaius phoeniceus","L685627","Troy Meadows Natural Area--So. Beverwyck Rd/Patriots Path","2021-05-08 21:38",10,40.8304138,-74.3888223,TRUE,FALSE,FALSE,"S87568401",38
"rewbla","Red-winged Blackbird","Agelaius phoeniceus","L11931709","Richard Mott","2021-05-09 20:05",1,40.43628,-74.80359,TRUE,FALSE,TRUE,"S88498593",39
"rewbla","Red-winged Blackbird","Agelaius phoeniceus","L275261","Stevens Street-yard","2021-05-10 20:50",1,38.9417118,-74.9477327,TRUE,FALSE,TRUE,"S87786894",40
"rewbla","Red-winged Blackbird","Agelaius phoeniceus","L2719536","Edwin B. Forsythe NWR--Jen's Trail","2021-05-11 20:25",3,39.4804771,-74.4350231,TRUE,FALSE,FALSE,"S87873744",41
"rewbla","Red-winged Blackbird","Agelaius phoeniceus","L10321121","Wawayanda SP--Wawayanda Lake","2021-05-12 21:21",20,41.1845579,-74.4315726,TRUE,FALSE,FALSE,"S87952327",42
"rewbla","Red-winged Blackbird","Agelaius phoeniceus","L876652","Washington Valley - Morris Township","2021-05-13 20:08",1,40.8048442,-74.5210791,TRUE,FALSE,FALSE,"S88031738",43
"rewbla","Red-winged Blackbird","Agelaius phoeniceus","L1194988","Belleplain SF--Lake Nummy","2021-05-14 20:41",10,39.2457593,-74.8549765,TRUE,FALSE,FALSE,"S88129091",44
"rewbla","Red-winged Blackbird","Agelaius phoeniceus","L4261740","Egg Harbor Township Nature Reserve","2021-05-15 22:05",5,39.3602913,-74.6508604,TRUE,FALSE,FALSE,"S88634682",45
"rewbla","Red-winged Blackbird","Agelaius phoeniceus","L109133","Edwin B. Forsythe NWR (formerly Brig)","2021-05-16 20:16",1,39.465,-74.4477778,TRUE,FALSE,FALSE,"S88345335",46
"rewbla","Red-winged Blackbird","Agelaius phoeniceus","L109135","Cape Island--Higbee Beach WMA","2021-05-17 22:43",4,38.9613889,-74.9608333,TRUE,FALSE,FALSE,"S88502659",47
"rewbla","Red-winged Blackbird","Agelaius phoeniceus","L2265749","Point Yard","2021-05-18 20:02",10,38.93368,-74.9618,TRUE,FALSE,TRUE,"S88509054",48
"rewbla","Red-winged Blackbird","Agelaius phoeniceus","L678246","Sandy Hook--Platform & North Pond","2021-05-19 21:04",1,40.4716,-74.0059876,TRUE,FALSE,FALSE,"S88568397",49
"rewbla","Red-winged Blackbird","Agelaius phoeniceus","L14515666","601 Vernon St, Long Branch US-NJ 40.30353, -74.00360","2021-05-20 20:21",2,40.303533,-74.003601,TRUE,FALSE,TRUE,"S88628449",50
"rewbla","Red-winged Blackbird","Agelaius phoeniceus","L3135375","Boat launch, Seaview Ave., Linwood, NJ","2021-05-21 20:27",2,39.3334344,-74.5730925,TRUE,FALSE,TRUE,"S88699065",51
"rewbla","Red-winged Blackbird","Agelaius phoeniceus","L302245","Stokes SF","2021-05-22 22:35",4,41.2144592,-74.7608385,TRUE,FALSE,FALSE,"S88787605",52
"rewbla","Red-winged Blackbird","Agelaius phoeniceus","L384943","Edwin B. Forsythe NWR--Cedar Run Dock Rd.","2021-05-23 20:23",9,39.6590992,-74.2595959,TRUE,FALSE,FALSE,"S88867438",53
"rewbla","Red-winged Blackbird","Agelaius phoeniceus","L275261","Stevens Street-yard","2021-05-24 20:20",2,38.9417118,-74.9477327,TRUE,FALSE,TRUE,"S88934967",54
"rewbla","Red-winged Blackbird","Agelaius phoeniceus","L3340337","Waretown--Bay Pkwy","2021-05-25 19:54",5,39.8057668,-74.1717964,TRUE,FALSE,FALSE,"S88992340",55
"rewbla","Red-winged Blackbird","Agelaius phoeniceus","L109133","Edwin B. Forsythe NWR (formerly Brig)","2021-05-26 21:33",10,39.465,-74.4477778,TRUE,FALSE,FALSE,"S89055164",56
"rewbla","Red-winged Blackbird","Agelaius phoeniceus","L285931","Tuckahoe WMA (Cape May Co.)","2021-05-27 21:40",9,39.2855132,-74.7241616,TRUE,FALSE,FALSE,"S89113273",57
"rewbla","Red-winged Blackbird","Agelaius phoeniceus","L15142755","46 Coleridge Drive, Marlboro, New Jersey, US (40.291, -74.244)","2021-05-28 20:37",2,40.2914977,-74.2439442,TRUE,FALSE,TRUE,"S89170211",58
"rewbla","Red-winged Blackbird","Agelaius phoeniceus","L330652","Ocean City Preserve","2021-05-29 19:55",0,39.2611385,-74.6041728,TRUE,FALSE,FALSE,"S89240207",59
"rewbla","Red-winged Blackbird","Agelaius phoeniceus","L3874553","Chateau Circle","2021-05-30 20:25",14,39.9176362,-74.8868895,TRUE,FALSE,TRUE,"S89316514",60
"rewbla","Red-winged Blackbird","Agelaius phoeniceus","L228433","Lenape Park","2021-05-31 19:39",10,40.6739128,-74.3146404,TRUE,FALSE,FALSE,"S89389472",61
"rewbla","Red-winged Blackbird","Agelaius phoeniceus","L15223330","41 Baird Rd, Millstone Township US-NJ 40.24056, -74.39871","2021-06-01 19:40",9,40.240562,-74.398711,TRUE,FALSE,TRUE,"S89531636",62
"rewbla","Red-winged Blackbird","Agelaius phoeniceus","L15220409","1762 Somers Point Rd, Egg Harbor Township US-NJ 39.32278, -74.63782","2021-06-02 21:31",10,39.322783,-74.637816,TRUE,FALSE,TRUE,"S89515060",63
"rewbla","Red-winged Blackbird","Agelaius phoeniceus","L275261","Stevens Street-yard","2021-06-03 20:32",1,38.9417118,-74.9477327,TRUE,FALSE,TRUE,"S89568678",64
"rewbla","Red-winged Blackbird","Agelaius phoeniceus","L15244815","512 Seawaneka Ave, Oceanport US-NJ 40.32895, -74.00489","2021-06-04 20:05",7,40.328953,-74.00489,TRUE,FALSE,TRUE,"S89622582",65
"rewbla","Red-winged Blackbird","Agelaius phoeniceus","L242133","Princeton Institute Woods & Charles Rogers Wildlife Refuge","2021-06-05 20:32",4,40.3275414,-74.6628358,TRUE,FALSE,FALSE,"S89690601",66
"rewbla","Red-winged Blackbird","Agelaius phoeniceus","L268849","Spruce Run Reservoir","2021-06-06 22:59",8,40.6507186,-74.9280694,TRUE,FALSE,FALSE,"S89767247",67
"rewbla","Red-winged Blackbird","Agelaius phoeniceus","L14995652","Home Suite Home","2021-06-07 20:15",1,40.809187,-74.094935,TRUE,FALSE,TRUE,"S89816602",68
"rewbla","Red-winged Blackbird","Agelaius phoeniceus","L3874553","Chateau Circle","2021-06-08 20:21",19,39.9176362,-74.8868895,TRUE,FALSE,TRUE,"S89869261",69
"rewbla","Red-winged Blackbird","Agelaius phoeniceus","L2489236","Lake Lonnie","2021-06-09 19:58",3,40.0223109,-74.9715967,TRUE,FALSE,FALSE,"S89917738",70
"rewbla","Red-winged Blackbird","Agelaius phoeniceus","L1879713","Newton Lake Park","2021-06-10 20:39",6,39.9053415,-75.0649989,TRUE,FALSE,FALSE,"S89970661",71
"rewbla","Red-winged Blackbird","Agelaius phoeniceus","L13931213","Secret Space of Dreams, Avalon US-NJ","2021-06-11 20:06",1,39.077702,-74.740906,TRUE,FALSE,TRUE,"S90021341",72
"rewbla","Red-winged Blackbird","Agelaius phoeniceus","L302963","Great Swamp NWR","2021-06-12 20:30",2,40.7138227,-74.463013,TRUE,FALSE,FALSE,"S90088913",73
"rewbla","Red-winged Blackbird","Agelaius phoeniceus","L178679","Lake Carnegie","2021-06-13 20:55",1,40.343456,-74.64465,TRUE,FALSE,FALSE,"S90151777",74
"rewbla","Red-winged Blackbird","Agelaius phoeniceus","L1879713","Newton Lake Park","2021-06-14 20:32",4,39.9053415,-75.0649989,TRUE,FALSE,FALSE,"S90204017",75
"rewbla","Red-winged Blackbird","Agelaius phoeniceus","L13931213","Secret Space of Dreams, Avalon US-NJ","2021-06-15 20:02",4,39.077702,-74.740906,TRUE,FALSE,TRUE,"S90251652",76
"rewbla","Red-winged Blackbird","Agelaius phoeniceus","L12076576","DeKorte Park Marsh DiscoveryTrail","2021-06-16 23:30",0,40.7858622,-74.1005667,TRUE,FALSE,TRUE,"S93327403",77
"rewbla","Red-winged Blackbird","Agelaius phoeniceus","L373247","Edwin B. Forsythe NWR--Motts Creek","2021-06-17 20:45",6,39.5191666,-74.4360189,TRUE,FALSE,FALSE,"S90355385",78
"rewbla","Red-winged Blackbird","Agelaius phoeniceus","L2265749","Point Yard","2021-06-18 20:14",4,38.93368,-74.9618,TRUE,FALSE,TRUE,"S90415515",79
"rewbla","Red-winged Blackbird","Agelaius phoeniceus","L1879713","Newton Lake Park","2021-06-19 20:38",6,39.9053415,-75.0649989,TRUE,FALSE,FALSE,"S90460768",80
"rewbla","Red-winged Blackbird","Agelaius phoeniceus","L1300483","Cape May NWR--Two Mile Unit","2021-06-20 21:20",2,38.9518672,-74.8578212,TRUE,FALSE,FALSE,"S90524634",81
"rewbla","Red-winged Blackbird","Agelaius phoeniceus","L2265749","Point Yard","2021-06-21 20:10",2,38.93368,-74.9618,TRUE,FALSE,TRUE,"S90622164",82
"rewbla","Red-winged Blackbird","Agelaius phoeniceus","L984762","Sandy Hook--North End","2021-06-22 20:43",10,40.4769212,-74.0107298,TRUE,FALSE,FALSE,"S90623018",83
"rewbla","Red-winged Blackbird","Agelaius phoeniceus","L15496451","Barnegat Bay BLSP to Viking Village","2021-06-23 20:37",1,39.7559187,-74.1139537,TRUE,FALSE,TRUE,"S90672155",84
"rewbla","Red-winged Blackbird","Agelaius phoeniceus","L2803137","Mill Creek Park","2021-06-24 20:24",6,39.9322488,-74.1540241,TRUE,FALSE,FALSE,"S90739572",85
"rewbla","Red-winged Blackbird","Agelaius phoeniceus","L12122143","Chosin Few Way (40.6734,-74.1003)","2021-06-25 20:43",8,40.673432,-74.100345,TRUE,FALSE,TRUE,"S90782572",86
"rewbla","Red-winged Blackbird","Agelaius phoeniceus","L15538604","Chosin Few Way","2021-06-26 20:35",2,40.6737107,-74.1006321,TRUE,FALSE,TRUE,"S90842058",87
"rewbla","Red-winged Blackbird","Agelaius phoeniceus","L2372882","Island Beach SP--Spizzle Creek Blind Trail","2021-06-27 20:18",0,39.7941774,-74.0972793,TRUE,FALSE,FALSE,"S90901595",88
"rewbla","Red-winged Blackbird","Agelaius phoeniceus","L389007","Richard W. DeKorte Park","2021-06-28 20:28",4,40.7833,-74.1025167,TRUE,FALSE,FALSE,"S90951374",89
"rewbla","Red-winged Blackbird","Agelaius phoeniceus","L1046929","Sandy Hook--Scout Camp & Randolph Drive","2021-06-29 20:32",5,40.4505966,-73.9972544,TRUE,FALSE,FALSE,"S90998696",90
"rewbla","Red-winged Blackbird","Agelaius phoeniceus","L285931","Tuckahoe WMA (Cape May Co.)","2021-06-30 20:27",3,39.2855132,-74.7241616,TRUE,FALSE,FALSE,"S91047939",91
"rewbla","Red-winged Blackbird","Agelaius phoeniceus","L3135375","Boat launch, Seaview Ave., Linwood, NJ","2021-07-01 20:21",6,39.3334344,-74.5730925,TRUE,FALSE,TRUE,"S91468244",92
"rewbla","Red-winged Blackbird","Agelaius phoeniceus","L2265749","Point Yard","2021-07-02 20:08",4,38.93368,-74.9618,TRUE,FALSE,TRUE,"S91161830",93
"rewbla","Red-winged Blackbird","Agelaius phoeniceus","L3797793","Ocean City Welcome Center","2021-07-03 20:00",5,39.2881767,-74.5824587,TRUE,FALSE,FALSE,"S91202669",94
"rewbla","Red-winged Blackbird","Agelaius phoeniceus","L109133","Edwin B. Forsythe NWR (formerly Brig)","2021-07-04 20:50",32,39.465,-74.4477778,TRUE,FALSE,FALSE,"S91265588",95
"rewbla","Red-winged Blackbird","Agelaius phoeniceus","L2265749","Point Yard","2021-07-05 20:04",2,38.93368,-74.9618,TRUE,FALSE,TRUE,"S91328287",96
"rewbla","Red-winged Blackbird","Agelaius phoeniceus","L15670447","Hartford Rd, Delran US-NJ 40.00556, -74.92608","2021-07-06 19:49",4,40.00556,-74.926077,TRUE,FALSE,TRUE,"S91370069",97
"rewbla","Red-winged Blackbird","Agelaius phoeniceus","L6313593","Van Vorst to LSP","2021-07-07 20:07",2,40.7148317,-74.0500727,TRUE,FALSE,TRUE,"S91421233",98
"rewbla","Red-winged Blackbird","Agelaius phoeniceus","L12078655","Cranbury--Liberty Way & Half Acre Rd. Area","2021-07-08 19:00",1,40.3218405,-74.4970823,TRUE,FALSE,FALSE,"S91460754",99
"rewbla","Red-winged Blackbird","Agelaius phoeniceus","L189035","Liberty SP","2021-07-09 20:12",6,40.7025698,-74.0493536,TRUE,FALSE,FALSE,"S91512635",100
"rewbla","Red-winged Blackbird","Agelaius phoeniceus","L15727760","44 Longstreet Road, Holmdel, New Jersey, US (40.369, -74.186)","2021-07-10 20:02",4,40.368868,-74.1858779,TRUE,FALSE,TRUE,"S91598495",101
"rewbla","Red-winged Blackbird","Agelaius phoeniceus","L1269935","Cape Island--South Cape May beach (CMPSP & SCMM)","2021-07-11 20:23",1,38.9317636,-74.9461985,TRUE,FALSE,FALSE,"S91630978",102
"rewbla","Red-winged Blackbird","Agelaius phoeniceus","L1280497","Cape May Harbor","2021-07-12 20:05",1,38.9496627,-74.8943564,TRUE,FALSE,FALSE,"S91678484",103
"rewbla","Red-winged Blackbird","Agelaius phoeniceus","L633315","Barnegat Municipal Dock","2021-07-13 20:19",6,39.7492357,-74.1934097,TRUE,FALSE,FALSE,"S91719762",104
"rewbla","Red-winged Blackbird","Agelaius phoeniceus","L7546567","River Lane West Deptford","2021-07-14 20:39",15,39.84558,-75.194582,TRUE,FALSE,TRUE,"S92179413",105
"rewbla","Red-winged Blackbird","Agelaius phoeniceus","L283804","Overpeck County Park","2021-07-15 19:49",10,40.8665581,-74.0011184,TRUE,FALSE,FALSE,"S91809320",106
"rewbla","Red-winged Blackbird","Agelaius phoeniceus","L15839908","Stephen R. Gregg Park, Bayonne US-NJ 40.68212, -74.11550","2021-07-16 20:20",2,40.682123,-74.115496,TRUE,FALSE,TRUE,"S92063725",107
"rewbla","Red-winged Blackbird","Agelaius phoeniceus","L3999771","NJ Tpke exit 7A","2021-07-17 18:05",1,40.1908729,-74.6060729,TRUE,FALSE,TRUE,"S92046115",108
"rewbla","Red-winged Blackbird","Agelaius phoeniceus","L10496297","Muriel Hepner Nature Park","2021-07-18 19:40",1,40.9068963,-74.4682503,TRUE,FALSE,FALSE,"S91966433",109
"rewbla","Red-winged Blackbird","Agelaius phoeniceus","L1879713","Newton Lake Park","2021-07-19 20:05",8,39.9053415,-75.0649989,TRUE,FALSE,FALSE,"S92018964",110
"rewbla","Red-winged Blackbird","Agelaius phoeniceus","L1879713","Newton Lake Park","2021-07-20 19:46",2,39.9053415,-75.0649989,TRUE,FALSE,FALSE,"S92065444",111
"rewbla","Red-winged Blackbird","Agelaius phoeniceus","L7546567","River Lane West Deptford","2021-07-21 21:00",5,39.84558,-75.194582,TRUE,FALSE,TRUE,"S93224251",112
"rewbla","Red-winged Blackbird","Agelaius phoeniceus","L5209305","Overpeck Park ","2021-07-22 20:12",3,40.8612467,-74.0081207,TRUE,FALSE,TRUE,"S92157336",113
"rewbla","Red-winged Blackbird","Agelaius phoeniceus","L15872426","5000 Central Ave, Sea Isle City US-NJ 39.15054, -74.69851","2021-07-23 20:16",1,39.150541,-74.698506,TRUE,FALSE,TRUE,"S92201695",114
"rewbla","Red-winged Blackbird","Agelaius phoeniceus","L1879713","Newton Lake Park","2021-07-24 20:26",4,39.9053415,-75.0649989,TRUE,FALSE,FALSE,"S92252067",115
"rewbla","Red-winged Blackbird","Agelaius phoeniceus","L15901534","New Jersey Tpke (Pa Ext), Burlington US-NJ (40.0990,-74.7867)","2021-07-25 19:55",1,40.098955,-74.78668,TRUE,FALSE,TRUE,"S92321302",116
"rewbla","Red-winged Blackbird","Agelaius phoeniceus","L12334216","Edwin B. Forsythe NWR--Doughty Rd forest","2021-07-26 20:29",1,39.472164,-74.449489,TRUE,FALSE,TRUE,"S92352444",117
"rewbla","Red-winged Blackbird","Agelaius phoeniceus","L1879713","Newton Lake Park","2021-07-27 19:40",6,39.9053415,-75.0649989,TRUE,FALSE,FALSE,"S92396974",118
"rewbla","Red-winged Blackbird","Agelaius phoeniceus","L1280497","Cape May Harbor","2021-07-28 20:05",2,38.9496627,-74.8943564,TRUE,FALSE,FALSE,"S92455176",119
"rewbla","Red-winged Blackbird","Agelaius phoeniceus","L275261","Stevens Street-yard","2021-07-29 19:00",18,38.9417118,-74.9477327,TRUE,FALSE,TRUE,"S92483786",120
"rewbla","Red-winged Blackbird","Agelaius phoeniceus","L1879713","Newton Lake Park","2021-07-30 19:58",2,39.9053415,-75.0649989,TRUE,FALSE,FALSE,"S92526576",121
"rewbla","Red-winged Blackbird","Agelaius phoeniceus","L1447083","St. Michael's Farm Preserve","2021-07-31 20:02",2,40.3828552,-74.7468013,TRUE,FALSE,FALSE,"S92579526",122
"rewbla","Red-winged Blackbird","Agelaius phoeniceus","L1841412","Flood Gate","2021-08-01 20:20",6,39.8312826,-75.3319645,TRUE,FALSE,FALSE,"S92635675",123
"rewbla","Red-winged Blackbird","Agelaius phoeniceus","L2603268","Woodmansee Blvd","2021-08-02 19:47",1,39.7457784,-74.1976556,TRUE,FALSE,TRUE,"S97476350",124
"rewbla","Red-winged Blackbird","Agelaius phoeniceus","L242133","Princeton Institute Woods & Charles Rogers Wildlife Refuge","2021-08-03 20:15",1,40.3275414,-74.6628358,TRUE,FALSE,FALSE,"S92758728",125
"rewbla","Red-winged Blackbird","Agelaius phoeniceus","L283804","Overpeck County Park","2021-08-04 19:21",7,40.8665581,-74.0011184,TRUE,FALSE,FALSE,"S92775384",126
"rewbla","Red-winged Blackbird","Agelaius phoeniceus","L275261","Stevens Street-yard","2021-08-05 19:55",1,38.9417118,-74.9477327,TRUE,FALSE,TRUE,"S92819806",127
"rewbla","Red-winged Blackbird","Agelaius phoeniceus","L285931","Tuckahoe WMA (Cape May Co.)","2021-08-06 19:03",63,39.2855132,-74.7241616,TRUE,FALSE,FALSE,"S92863494",128
"rewbla","Red-winged Blackbird","Agelaius phoeniceus","L2363469","High Bar Harbor","2021-08-07 19:27",5,39.746398,-74.1206145,TRUE,FALSE,FALSE,"S92913719",129
"rewbla","Red-winged Blackbird","Agelaius phoeniceus","L109136","Cape Island--South Cape May Meadows (SCMM)","2021-08-08 19:45",10,38.9359287,-74.9434519,TRUE,FALSE,FALSE,"S92971242",130
"rewbla","Red-winged Blackbird","Agelaius phoeniceus","L1836886","Raccoon Creek","2021-08-09 19:38",80,39.7868096,-75.360899,TRUE,FALSE,FALSE,"S93018132",131
"rewbla","Red-winged Blackbird","Agelaius phoeniceus","L1879717","Cooper River Park","2021-08-10 18:56",2,39.9267201,-75.0686145,TRUE,FALSE,FALSE,"S93058790",132
"rewbla","Red-winged Blackbird","Agelaius phoeniceus","L275261","Stevens Street-yard","2021-08-11 20:02",4,38.9417118,-74.9477327,TRUE,FALSE,TRUE,"S93102767",133
"rewbla","Red-winged Blackbird","Agelaius phoeniceus","L208783","Great Swamp NWR--Overlook","2021-08-12 19:15",2,40.7133779,-74.5099406,TRUE,FALSE,FALSE,"S93142086",134
"rewbla","Red-winged Blackbird","Agelaius phoeniceus","L11209110","Great Swamp NWR--Mystic Lake","2021-08-13 19:00",1,40.718526,-74.4890106,TRUE,FALSE,FALSE,"S93211124",135
"rewbla","Red-winged Blackbird","Agelaius phoeniceus","L389007","Richard W. DeKorte Park","2021-08-14 19:07",1,40.7833,-74.1025167,TRUE,FALSE,FALSE,"S93233685",136
"rewbla","Red-winged Blackbird","Agelaius phoeniceus","L275261","Stevens Street-yard","2021-08-15 19:15",225,38.9417118,-74.9477327,TRUE,FALSE,TRUE,"S93290726",137
"rewbla","Red-winged Blackbird","Agelaius phoeniceus","L592872","Ocean Drive--Two Mile Landing","2021-08-16 21:17",1,38.9595423,-74.866333,TRUE,FALSE,FALSE,"S93342944",138
"rewbla","Red-winged Blackbird","Agelaius phoeniceus","L7388405","Scott’s House","2021-08-17 19:49",50,39.794824,-75.357402,TRUE,FALSE,TRUE,"S93383887",139
"rewbla","Red-winged Blackbird","Agelaius phoeniceus","L633229","Reed's Beach--Reed yard","2021-08-18 18:40",10,39.1144246,-74.8866212,TRUE,FALSE,TRUE,"S93429297",140
"rewbla","Red-winged Blackbird","Agelaius phoeniceus","L771306","Jarvis Sound","2021-08-19 19:10",30,38.967751,-74.8683929,TRUE,FALSE,FALSE,"S93485675",141
"rewbla","Red-winged Blackbird","Agelaius phoeniceus","L302963","Great Swamp NWR","2021-08-20 18:55",75,40.7138227,-74.463013,TRUE,FALSE,FALSE,"S93509370",142
"rewbla","Red-winged Blackbird","Agelaius phoeniceus","L389007","Richard W. DeKorte Park","2021-08-21 18:53",3,40.7833,-74.1025167,TRUE,FALSE,FALSE,"S93556353",143
"rewbla","Red-winged Blackbird","Agelaius phoeniceus","L9506852","Yard—Hainesport, NJ","2021-08-22 18:47",27,39.972969,-74.823276,TRUE,FALSE,TRUE,"S93610611",144
"rewbla","Red-winged Blackbird","Agelaius phoeniceus","L109136","Cape Island--South Cape May Meadows (SCMM)","2021-08-23 18:30",1,38.9359287,-74.9434519,TRUE,FALSE,FALSE,"S93659511",145
"rewbla","Red-winged Blackbird","Agelaius phoeniceus","L1265820","North Branch Park","2021-08-24 19:20",5,40.5794465,-74.6779356,TRUE,FALSE,FALSE,"S93696997",146
"rewbla","Red-winged Blackbird","Agelaius phoeniceus","L109132","Cape Island--Cape May Point SP (CMPSP)","2021-08-25 19:10",2,38.9338272,-74.9550854,TRUE,FALSE,FALSE,"S93732607",147
"rewbla","Red-winged Blackbird","Agelaius phoeniceus","L8917802","Shark River Mudflats","2021-08-26 18:37",300,40.1916865,-74.0579805,TRUE,FALSE,TRUE,"S93773753",148
"rewbla","Red-winged Blackbird","Agelaius phoeniceus","L275261","Stevens Street-yard","2021-08-27 18:30",23,38.9417118,-74.9477327,TRUE,FALSE,TRUE,"S93813833",149
"rewbla","Red-winged Blackbird","Agelaius phoeniceus","L275261","Stevens Street-yard","2021-08-28 17:48",85,38.9417118,-74.9477327,TRUE,FALSE,TRUE,"S93860673",150
"rewbla","Red-winged Blackbird","Agelaius phoeniceus","L589790","Corson's Inlet SP","2021-08-29 22:27",4,39.2167774,-74.6462631,TRUE,FALSE,FALSE,"S93923346",151
"rewbla","Red-winged Blackbird","Agelaius phoeniceus","L1052001","Grove Ave Bridge waterway, W Deptford","2021-08-30 19:20",0,39.8576394,-75.183692,TRUE,FALSE,TRUE,"S93961045",152
"rewbla","Red-winged Blackbird","Agelaius phoeniceus","L109133","Edwin B. Forsythe NWR (formerly Brig)","2021-08-31 19:14",50,39.465,-74.4477778,TRUE,FALSE,FALSE,"S94009697",153
"rewbla","Red-winged Blackbird","Agelaius phoeniceus","L765029","Meadowlands IBA--Skeetkill Marsh","2021-09-01 15:45",1,40.8266051,-74.0164161,TRUE,FALSE,FALSE,"S94046214",154
"rewbla","Red-winged Blackbird","Agelaius phoeniceus","L1841412","Flood Gate","2021-09-02 19:02",100,39.8312826,-75.3319645,TRUE,FALSE,FALSE,"S94095527",155
"rewbla","Red-winged Blackbird","Agelaius phoeniceus","L16280881","304 Lincoln Dr, Ocean US-NJ 40.22819, -74.03250","2021-09-03 21:50",4,40.228191,-74.032503,TRUE,FALSE,TRUE,"S94141293",156
"rewbla","Red-winged Blackbird","Agelaius phoeniceus","L389013","Meadowlands IBA--Mill Creek Point","2021-09-04 18:04",6,40.8065667,-74.0447833,TRUE,FALSE,FALSE,"S94222468",157
"rewbla","Red-winged Blackbird","Agelaius phoeniceus","L1052001","Grove Ave Bridge waterway, W Deptford","2021-09-05 16:11",0,39.8576394,-75.183692,TRUE,FALSE,TRUE,"S94236559",158
"rewbla","Red-winged Blackbird","Agelaius phoeniceus","L109133","Edwin B. Forsythe NWR (formerly Brig)","2021-09-06 20:57",200,39.465,-74.4477778,TRUE,FALSE,FALSE,"S94307180",159
"rewbla","Red-winged Blackbird","Agelaius phoeniceus","L274556","Stone Harbor Blvd--The Wetlands Institute","2021-09-07 19:03",4,39.0608166,-74.7726134,TRUE,FALSE,FALSE,"S94349271",160
"rewbla","Red-winged Blackbird","Agelaius phoeniceus","L275261","Stevens Street-yard","2021-09-08 19:15",1,38.9417118,-74.9477327,TRUE,FALSE,TRUE,"S94390567",161
"rewbla","Red-winged Blackbird","Agelaius phoeniceus","L275261","Stevens Street-yard","2021-09-09 18:55",610,38.9417118,-74.9477327,TRUE,FALSE,TRUE,"S94434011",162
"rewbla","Red-winged Blackbird","Agelaius phoeniceus","L2372867","Island Beach SP--Reed's Road","2021-09-10 17:36",1,39.8960622,-74.0828512,TRUE,FALSE,FALSE,"S94473704",163
"rewbla","Red-winged Blackbird","Agelaius phoeniceus","L572072","Edwin B. Forsythe NWR--Cedar Bonnet Island","2021-09-11 18:35",1,39.6571874,-74.1938168,TRUE,FALSE,FALSE,"S94526313",164
"rewbla","Red-winged Blackbird","Agelaius phoeniceus","L6277847","Hershfeld's 0.11 acres yard, Villas (private)","2021-09-12 18:30",4,38.9972632,-74.9546642,TRUE,FALSE,TRUE,"S94980989",165
"rewbla","Red-winged Blackbird","Agelaius phoeniceus","L9897668","Wildwoods Convention Center","2021-09-13 18:10",1,38.9810178,-74.8158714,TRUE,FALSE,FALSE,"S95009094",166
"rewbla","Red-winged Blackbird","Agelaius phoeniceus","L1836886","Raccoon Creek","2021-09-14 18:24",50,39.7868096,-75.360899,TRUE,FALSE,FALSE,"S94670731",167
"rewbla","Red-winged Blackbird","Agelaius phoeniceus","L4625113","Swan Bay WMA","2021-09-15 18:31",60,39.5900802,-74.5161009,TRUE,FALSE,FALSE,"S94764063",168
"rewbla","Red-winged Blackbird","Agelaius phoeniceus","L589790","Corson's Inlet SP","2021-09-16 15:30",1,39.2167774,-74.6462631,TRUE,FALSE,FALSE,"S94749136",169
"rewbla","Red-winged Blackbird","Agelaius phoeniceus","L109136","Cape Island--South Cape May Meadows (SCMM)","2021-09-17 18:31",4,38.9359287,-74.9434519,TRUE,FALSE,FALSE,"S95144441",170
"rewbla","Red-winged Blackbird","Agelaius phoeniceus","L92443","Cape Island--CMPSP--Hawkwatch Platform","2021-09-18 19:57",6,38.9328558,-74.9579416,TRUE,FALSE,FALSE,"S94891748",171
"rewbla","Red-winged Blackbird","Agelaius phoeniceus","L252324","Huber Woods County Park","2021-09-19 18:12",2,40.3876998,-74.0336472,TRUE,FALSE,FALSE,"S94905656",172
"rewbla","Red-winged Blackbird","Agelaius phoeniceus","L109133","Edwin B. Forsythe NWR (formerly Brig)","2021-09-20 21:34",300,39.465,-74.4477778,TRUE,FALSE,FALSE,"S94955519",173
"rewbla","Red-winged Blackbird","Agelaius phoeniceus","L4881215","Cape Island--CMBO's \"The Roost\" (restricted access)","2021-09-21 18:06",1,38.953483,-74.940971,TRUE,FALSE,FALSE,"S94992049",174
"rewbla","Red-winged Blackbird","Agelaius phoeniceus","L389007","Richard W. DeKorte Park","2021-09-22 18:00",1,40.7833,-74.1025167,TRUE,FALSE,FALSE,"S95034745",175
"rewbla","Red-winged Blackbird","Agelaius phoeniceus","L109136","Cape Island--South Cape May Meadows (SCMM)","2021-09-23 16:15",15,38.9359287,-74.9434519,TRUE,FALSE,FALSE,"S95069888",176
"rewbla","Red-winged Blackbird","Agelaius phoeniceus","L15072387","The Celery Farm, Allendale US-NJ 41.03378, -74.12608","2021-09-24 18:25",1,41.033782,-74.126083,TRUE,FALSE,TRUE,"S95132416",177
"rewbla","Red-winged Blackbird","Agelaius phoeniceus","L16470102","2689–2745 Bay Ave, Ocean City US-NJ 39.26130, -74.60584","2021-09-25 18:09",2,39.261304,-74.605837,TRUE,FALSE,TRUE,"S95173236",178
"rewbla","Red-winged Blackbird","Agelaius phoeniceus","L5461758","US-New Jersey-Matawan-137-157 Matawan Avenue - 40.423x-74.231","2021-09-26 18:18",1,40.423378,-74.230719,TRUE,FALSE,TRUE,"S95224222",179
"rewbla","Red-winged Blackbird","Agelaius phoeniceus","L330652","Ocean City Preserve","2021-09-27 17:54",4,39.2611385,-74.6041728,TRUE,FALSE,FALSE,"S95355967",180
"rewbla","Red-winged Blackbird","Agelaius phoeniceus","L16241005","Cape Island--425 Third Ave, WCM","2021-09-28 18:03",4,38.939391,-74.938304,TRUE,FALSE,TRUE,"S95312394",181
"rewbla","Red-winged Blackbird","Agelaius phoeniceus","L1774964","Edwin B. Forsythe NWR--Leeds Eco-Trail","2021-09-29 18:20",10,39.4636714,-74.4487429,TRUE,FALSE,FALSE,"S95365521",182
"rewbla","Red-winged Blackbird","Agelaius phoeniceus","L865402","Boundary Creek Natural Resource Area","2021-09-30 18:22",100,40.011,-74.905,TRUE,FALSE,FALSE,"S95402133",183
"rewbla","Red-winged Blackbird","Agelaius phoeniceus","L109136","Cape Island--South Cape May Meadows (SCMM)","2021-10-01 17:49",2,38.9359287,-74.9434519,TRUE,FALSE,FALSE,"S95449081",184
"rewbla","Red-winged Blackbird","Agelaius phoeniceus","L16241005","Cape Island--425 Third Ave, WCM","2021-10-02 18:26",1,38.939391,-74.938304,TRUE,FALSE,TRUE,"S95504659",185
"rewbla","Red-winged Blackbird","Agelaius phoeniceus","L928645","Stone Harbor (general area)","2021-10-03 17:30",0,39.0474263,-74.7636403,TRUE,FALSE,FALSE,"S95567201",186
"rewbla","Red-winged Blackbird","Agelaius phoeniceus","L109136","Cape Island--South Cape May Meadows (SCMM)","2021-10-04 18:08",2,38.9359287,-74.9434519,TRUE,FALSE,FALSE,"S95610494",187
"rewbla","Red-winged Blackbird","Agelaius phoeniceus","L92443","Cape Island--CMPSP--Hawkwatch Platform","2021-10-05 18:53",1,38.9328558,-74.9579416,TRUE,FALSE,FALSE,"S95651031",188
"rewbla","Red-winged Blackbird","Agelaius phoeniceus","L389007","Richard W. DeKorte Park","2021-10-06 18:21",20,40.7833,-74.1025167,TRUE,FALSE,FALSE,"S95691036",189
"rewbla","Red-winged Blackbird","Agelaius phoeniceus","L229904","The Celery Farm","2021-10-07 17:50",4,41.0364972,-74.1271909,TRUE,FALSE,FALSE,"S96090658",190
"rewbla","Red-winged Blackbird","Agelaius phoeniceus","L12282990","15 James Street, Harvey Cedars, New Jersey, US (39.687, -74.149)","2021-10-08 17:46",0,39.6871925,-74.1486129,TRUE,FALSE,TRUE,"S95779149",191
"rewbla","Red-winged Blackbird","Agelaius phoeniceus","L1128743","Mercer Corporate Park, Robbinsville","2021-10-09 18:15",18,40.1875596,-74.5894003,TRUE,FALSE,FALSE,"S95876507",192
"rewbla","Red-winged Blackbird","Agelaius phoeniceus","L12476498","Grassy Sound","2021-10-10 17:34",30,39.027964,-74.810338,TRUE,FALSE,TRUE,"S95943696",193
"rewbla","Red-winged Blackbird","Agelaius phoeniceus","L109136","Cape Island--South Cape May Meadows (SCMM)","2021-10-11 18:12",2,38.9359287,-74.9434519,TRUE,FALSE,FALSE,"S96004158",194
"rewbla","Red-winged Blackbird","Agelaius phoeniceus","L1836886","Raccoon Creek","2021-10-12 16:52",1200,39.7868096,-75.360899,TRUE,FALSE,FALSE,"S96045049",195
"rewbla","Red-winged Blackbird","Agelaius phoeniceus","L197073","Stone Harbor Point","2021-10-13 17:45",0,39.0317999,-74.7723111,TRUE,FALSE,FALSE,"S96426278",196
"rewbla","Red-winged Blackbird","Agelaius phoeniceus","L389015","Laurel Hill Park","2021-10-14 17:34",3,40.7611952,-74.0844691,TRUE,FALSE,FALSE,"S96165795",197
"rewbla","Red-winged Blackbird","Agelaius phoeniceus","L9506852","Yard—Hainesport, NJ","2021-10-15 17:31",130,39.972969,-74.823276,TRUE,FALSE,TRUE,"S96197607",198
"rewbla","Red-winged Blackbird","Agelaius phoeniceus","L13376439","The Augustus Reeves House","2021-10-16 17:22",45,39.562687,-75.363831,TRUE,FALSE,TRUE,"S96244682",199
"rewbla","Red-winged Blackbird","Agelaius phoeniceus","L716945","Richard A. Rutkowski Park","2021-10-17 17:49",2,40.6877528,-74.1107252,TRUE,FALSE,FALSE,"S96310576",200
"rewbla","Red-winged Blackbird","Agelaius phoeniceus","L109136","Cape Island--South Cape May Meadows (SCMM)","2021-10-18 17:54",5,38.9359287,-74.9434519,TRUE,FALSE,FALSE,"S96418801",201
"rewbla","Red-winged Blackbird","Agelaius phoeniceus","L109132","Cape Island--Cape May Point SP (CMPSP)","2021-10-19 17:30",5,38.9338272,-74.9550854,TRUE,FALSE,FALSE,"S96541900",202
"rewbla","Red-winged Blackbird","Agelaius phoeniceus","L13376439","The Augustus Reeves House","2021-10-20 17:52",999,39.562687,-75.363831,TRUE,FALSE,TRUE,"S96485466",203
"rewbla","Red-winged Blackbird","Agelaius phoeniceus","L251091","Pole Farm (Mercer County Park NW)","2021-10-21 17:34",2,40.316411,-74.747477,TRUE,FALSE,FALSE,"S96524139",204
"rewbla","Red-winged Blackbird","Agelaius phoeniceus","L4881215","Cape Island--CMBO's \"The Roost\" (restricted access)","2021-10-22 17:38",12,38.953483,-74.940971,TRUE,FALSE,FALSE,"S96568513",205
"rewbla","Red-winged Blackbird","Agelaius phoeniceus","L92443","Cape Island--CMPSP--Hawkwatch Platform","2021-10-23 17:11",40,38.9328558,-74.9579416,TRUE,FALSE,FALSE,"S96611991",206
"rewbla","Red-winged Blackbird","Agelaius phoeniceus","L13376439","The Augustus Reeves House","2021-10-24 16:58",26,39.562687,-75.363831,TRUE,FALSE,TRUE,"S96660895",207
"rewbla","Red-winged Blackbird","Agelaius phoeniceus","L12893637","Fairleigh Dickinson University, Hackensack US-NJ 40.89715, -74.03205","2021-10-25 17:52",1,40.897148,-74.032049,TRUE,FALSE,TRUE,"S96703909",208
"rewbla","Red-winged Blackbird","Agelaius phoeniceus","L5809717","New Providence High School ballfields","2021-10-26 17:25",2,40.7027324,-74.4077358,TRUE,FALSE,TRUE,"S96746363",209
"rewbla","Red-winged Blackbird","Agelaius phoeniceus","L109133","Edwin B. Forsythe NWR (formerly Brig)","2021-10-27 17:36",6,39.465,-74.4477778,TRUE,FALSE,FALSE,"S96784323",210
"rewbla","Red-winged Blackbird","Agelaius phoeniceus","L627741","Spruce Run Reservior--boat launch","2021-10-28 17:13",3,40.6610593,-74.9255991,TRUE,FALSE,FALSE,"S96820835",211
"rewbla","Red-winged Blackbird","Agelaius phoeniceus","L12090689","Mount \"N\" Meadow, Blairstown","2021-10-29 16:15",3,41.033114,-74.983016,TRUE,FALSE,TRUE,"S96873717",212
"rewbla","Red-winged Blackbird","Agelaius phoeniceus","L765029","Meadowlands IBA--Skeetkill Marsh","2021-10-30 16:50",35,40.8266051,-74.0164161,TRUE,FALSE,FALSE,"S96902770",213
"rewbla","Red-winged Blackbird","Agelaius phoeniceus","L197353","Sandy Hook","2021-10-31 16:57",20,40.4392518,-73.9869263,TRUE,FALSE,FALSE,"S96958870",214
"rewbla","Red-winged Blackbird","Agelaius phoeniceus","L279423","Big Timber Creek--River Dr.","2021-11-01 17:38",6,39.8769581,-75.1317215,TRUE,FALSE,FALSE,"S97001583",215
"rewbla","Red-winged Blackbird","Agelaius phoeniceus","L765029","Meadowlands IBA--Skeetkill Marsh","2021-11-02 17:01",25,40.8266051,-74.0164161,TRUE,FALSE,FALSE,"S97042315",216
"rewbla","Red-winged Blackbird","Agelaius phoeniceus","L229904","The Celery Farm","2021-11-03 17:53",46,41.0364972,-74.1271909,TRUE,FALSE,FALSE,"S97086702",217
"rewbla","Red-winged Blackbird","Agelaius phoeniceus","L1879717","Cooper River Park","2021-11-04 16:26",5,39.9267201,-75.0686145,TRUE,FALSE,FALSE,"S97134961",218
"rewbla","Red-winged Blackbird","Agelaius phoeniceus","L275261","Stevens Street-yard","2021-11-05 18:02",155,38.9417118,-74.9477327,TRUE,FALSE,TRUE,"S97168167",219
"rewbla","Red-winged Blackbird","Agelaius phoeniceus","L109136","Cape Island--South Cape May Meadows (SCMM)","2021-11-06 17:47",30,38.9359287,-74.9434519,TRUE,FALSE,FALSE,"S97218594",220
"rewbla","Red-winged Blackbird","Agelaius phoeniceus","L283551","Glades Wildlife Refuge--Turkey Pt.","2021-11-07 16:28",10,39.2462567,-75.1306433,TRUE,FALSE,FALSE,"S97272276",221
"rewbla","Red-winged Blackbird","Agelaius phoeniceus","L1879717","Cooper River Park","2021-11-08 16:26",5,39.9267201,-75.0686145,TRUE,FALSE,FALSE,"S97328049",222
"rewbla","Red-winged Blackbird","Agelaius phoeniceus","L1406276","Crow's Woods","2021-11-09 16:16",40,39.8812069,-75.0234244,TRUE,FALSE,FALSE,"S97376575",223
"rewbla","Red-winged Blackbird","Agelaius phoeniceus","L109136","Cape Island--South Cape May Meadows (SCMM)","2021-11-10 16:20",95,38.9359287,-74.9434519,TRUE,FALSE,FALSE,"S97412849",224
"rewbla","Red-winged Blackbird","Agelaius phoeniceus","L2826655","Dennis Creek WMA--Conswell Road","2021-11-11 15:41",18,39.0696486,-74.9066,TRUE,FALSE,FALSE,"S97447175",225
"rewbla","Red-winged Blackbird","Agelaius phoeniceus","L2826655","Dennis Creek WMA--Conswell Road","2021-11-12 17:03",3,39.0696486,-74.9066,TRUE,FALSE,FALSE,"S97488551",226
"rewbla","Red-winged Blackbird","Agelaius phoeniceus","L1052001","Grove Ave Bridge waterway, W Deptford","2021-11-13 16:43",0,39.8576394,-75.183692,TRUE,FALSE,TRUE,"S97535516",227
"rewbla","Red-winged Blackbird","Agelaius phoeniceus","L109136","Cape Island--South Cape May Meadows (SCMM)","2021-11-14 16:26",1,38.9359287,-74.9434519,TRUE,FALSE,FALSE,"S97590438",228
"rewbla","Red-winged Blackbird","Agelaius phoeniceus","L251091","Pole Farm (Mercer County Park NW)","2021-11-15 16:10",120,40.316411,-74.747477,TRUE,FALSE,FALSE,"S97641416",229
"rewbla","Red-winged Blackbird","Agelaius phoeniceus","L109136","Cape Island--South Cape May Meadows (SCMM)","2021-11-16 16:20",80,38.9359287,-74.9434519,TRUE,FALSE,FALSE,"S97824241",230
"rewbla","Red-winged Blackbird","Agelaius phoeniceus","L1841412","Flood Gate","2021-11-17 15:52",1,39.8312826,-75.3319645,TRUE,FALSE,FALSE,"S97732647",231
"rewbla","Red-winged Blackbird","Agelaius phoeniceus","L5137275","Barnegat Light--Bayview Ave Park","2021-11-18 16:17",3,39.745224,-74.117398,TRUE,FALSE,FALSE,"S97753121",232
"rewbla","Red-winged Blackbird","Agelaius phoeniceus","L3614571","Tyler Lake","2021-11-19 15:48",6,39.7490017,-75.1523276,TRUE,FALSE,TRUE,"S97796643",233
"rewbla","Red-winged Blackbird","Agelaius phoeniceus","L11308952","Normandy Rd, Marlton","2021-11-20 16:10",60,39.9141984,-74.8900129,TRUE,FALSE,TRUE,"S97841274",234
"rewbla","Red-winged Blackbird","Agelaius phoeniceus","L753386","Troy Meadows Natural Area","2021-11-21 16:04",75,40.8441386,-74.3708324,TRUE,FALSE,FALSE,"S97896314",235
"rewbla","Red-winged Blackbird","Agelaius phoeniceus","L246835","Round Valley Reservoir","2021-11-22 15:32",4,40.6284153,-74.8412704,TRUE,FALSE,FALSE,"S97941874",236
"rewbla","Red-winged Blackbird","Agelaius phoeniceus","L1297727","Foothill Road","2021-11-23 15:30",1,40.5985534,-74.6066952,TRUE,FALSE,TRUE,"S97984510",237
"rewbla","Red-winged Blackbird","Agelaius phoeniceus","L229904","The Celery Farm","2021-11-24 15:40",40,41.0364972,-74.1271909,TRUE,FALSE,FALSE,"S98055231",238
"rewbla","Red-winged Blackbird","Agelaius phoeniceus","L1188136","Riverwinds--Nature Trail","2021-11-25 14:29",3,39.8510257,-75.194689,TRUE,FALSE,FALSE,"S98442842",239
"rewbla","Red-winged Blackbird","Agelaius phoeniceus","L338274","Cape Island--Garrett Family Preserve (TNC)","2021-11-26 14:31",30,38.9496222,-74.9220049,TRUE,FALSE,FALSE,"S98106284",240
"rewbla","Red-winged Blackbird","Agelaius phoeniceus","L8341855","30 North 12th Street, Middle Township, New Jersey, US (39.048, -74.917)","2021-11-27 15:40",2,39.048239,-74.9171417,TRUE,FALSE,TRUE,"S98152392",241
"rewbla","Red-winged Blackbird","Agelaius phoeniceus","L16996197","110 Lehigh Avenue, Middle Township, New Jersey, US (39.044, -74.918)","2021-11-28 16:07",5,39.0435508,-74.9183251,TRUE,FALSE,TRUE,"S98210980",242
"rewbla","Red-winged Blackbird","Agelaius phoeniceus","L298497","Pedricktown Marsh (Gloucester Co.)","2021-11-29 16:13",12,39.76435,-75.396967,TRUE,FALSE,FALSE,"S98255458",243
"rewbla","Red-winged Blackbird","Agelaius phoeniceus","L298497","Pedricktown Marsh (Gloucester Co.)","2021-11-30 16:20",3,39.76435,-75.396967,TRUE,FALSE,FALSE,"S98293336",244
"rewbla","Red-winged Blackbird","Agelaius phoeniceus","L229904","The Celery Farm","2021-12-01 16:00",24,41.0364972,-74.1271909,TRUE,FALSE,FALSE,"S98336182",245
"rewbla","Red-winged Blackbird","Agelaius phoeniceus","L661900","Malaga Lake","2021-12-02 14:25",1,39.579298,-75.0589371,TRUE,FALSE,FALSE,"S98374492",246
"rewbla","Red-winged Blackbird","Agelaius phoeniceus","L5688037","Pilling Lake Bed","2021-12-03 16:07",30,39.8006853,-74.9810457,TRUE,FALSE,FALSE,"S98416624",247
"rewbla","Red-winged Blackbird","Agelaius phoeniceus","L132096","Hamilton Veterans Park","2021-12-04 16:15",7,40.2080994,-74.6762238,TRUE,FALSE,FALSE,"S98467476",248
"rewbla","Red-winged Blackbird","Agelaius phoeniceus","L17043252","Seeley Pond Spillway- Holding Road, Bridgeton, New Jersey, US","2021-12-05 16:07",200,39.4863202,-75.2590229,TRUE,FALSE,TRUE,"S98517560",249
"rewbla","Red-winged Blackbird","Agelaius phoeniceus","L211914","Nummy Island","2021-12-06 14:50",8,39.0365891,-74.7912741,TRUE,FALSE,FALSE,"S98565896",250
"rewbla","Red-winged Blackbird","Agelaius phoeniceus","L1963449","Little Mantua Creek","2021-12-07 16:15",0,39.837508,-75.2121019,TRUE,FALSE,FALSE,"S98600224",251
"rewbla","Red-winged Blackbird","Agelaius phoeniceus","L350765","Villas--Cox Hall Creek WMA","2021-12-08 15:10",32,39.0015934,-74.9446321,TRUE,FALSE,FALSE,"S98647951",252
"rewbla","Red-winged Blackbird","Agelaius phoeniceus","L765029","Meadowlands IBA--Skeetkill Marsh","2021-12-09 15:12",6,40.8266051,-74.0164161,TRUE,FALSE,FALSE,"S98683931",253
"rewbla","Red-winged Blackbird","Agelaius phoeniceus","L298496","Birch Creek Marsh","2021-12-10 15:20",1,39.7860392,-75.3842706,TRUE,FALSE,FALSE,"S98724338",254
"rewbla","Red-winged Blackbird","Agelaius phoeniceus","L476828","Eldora Nature Preserve (TNC)","2021-12-11 13:50",50,39.2165613,-74.9147415,TRUE,FALSE,FALSE,"S98750888",255
"rewbla","Red-winged Blackbird","Agelaius phoeniceus","L275261","Stevens Street-yard","2021-12-12 16:45",15,38.9417118,-74.9477327,TRUE,FALSE,TRUE,"S98810253",256
"rewbla","Red-winged Blackbird","Agelaius phoeniceus","L1923059","Will-O-Dell Lake","2021-12-13 16:18",40,39.7999015,-75.2420723,TRUE,FALSE,TRUE,"S98850801",257
"rewbla","Red-winged Blackbird","Agelaius phoeniceus","L275261","Stevens Street-yard","2021-12-14 16:25",80,38.9417118,-74.9477327,TRUE,FALSE,TRUE,"S98892536",258
"rewbla","Red-winged Blackbird","Agelaius phoeniceus","L1858968","Friendship Rd Yard","2021-12-15 16:40",60,39.7990161,-75.2406299,TRUE,FALSE,TRUE,"S98933088",259
"rewbla","Red-winged Blackbird","Agelaius phoeniceus","L2645913","Newton Lake","2021-12-16 15:51",1,39.9096581,-75.0718063,TRUE,FALSE,TRUE,"S98970173",260
"rewbla","Red-winged Blackbird","Agelaius phoeniceus","L1774964","Edwin B. Forsythe NWR--Leeds Eco-Trail","2021-12-17 16:16",1,39.4636714,-74.4487429,TRUE,FALSE,FALSE,"S99015011",261
"rewbla","Red-winged Blackbird","Agelaius phoeniceus","L4373266","Shades of Death Rd.","2021-12-18 16:15",200,40.9056097,-74.9117031,TRUE,FALSE,FALSE,"S99069994",262
"rewbla","Red-winged Blackbird","Agelaius phoeniceus","L389015","Laurel Hill Park","2021-12-19 15:55",12,40.7611952,-74.0844691,TRUE,FALSE,FALSE,"S99135303",263
"rewbla","Red-winged Blackbird","Agelaius phoeniceus","L2265749","Point Yard","2021-12-20 16:40",1,38.93368,-74.9618,TRUE,FALSE,TRUE,"S99207399",264
"rewbla","Red-winged Blackbird","Agelaius phoeniceus","L2265749","Point Yard","2021-12-21 16:32",2,38.93368,-74.9618,TRUE,FALSE,TRUE,"S99257724",265
"rewbla","Red-winged Blackbird","Agelaius phoeniceus","L17166584","stakeout Northern Lapwing, Swing West Rd, Alloway Twp (2021)","2021-12-22 16:05",250,39.528611,-75.291389,TRUE,FALSE,FALSE,"S99289218",266
"rewbla","Red-winged Blackbird","Agelaius phoeniceus","L242132","Mercer County Park","2021-12-23 16:36",0,40.266676,-74.6504538,TRUE,FALSE,FALSE,"S99335301",267
"rewbla","Red-winged Blackbird","Agelaius phoeniceus","L389007","Richard W. DeKorte Park","2021-12-24 16:30",1,40.7833,-74.1025167,TRUE,FALSE,FALSE,"S99383881",268
"rewbla","Red-winged Blackbird","Agelaius phoeniceus","L1774964","Edwin B. Forsythe NWR--Leeds Eco-Trail","2021-12-25 16:22",20,39.4636714,-74.4487429,TRUE,FALSE,FALSE,"S99485904",269
"rewbla","Red-winged Blackbird","Agelaius phoeniceus","L211826","Jake's Landing","2021-12-26 16:26",300,39.1795653,-74.8510244,TRUE,FALSE,FALSE,"S100194647",270
"rewbla","Red-winged Blackbird","Agelaius phoeniceus","L283551","Glades Wildlife Refuge--Turkey Pt.","2021-12-27 16:25",75,39.2462567,-75.1306433,TRUE,FALSE,FALSE,"S99553120",271
"rewbla","Red-winged Blackbird","Agelaius phoeniceus","L242132","Mercer County Park","2021-12-28 15:11",30,40.266676,-74.6504538,TRUE,FALSE,FALSE,"S99593821",272
"rewbla","Red-winged Blackbird","Agelaius phoeniceus","L272616","Mannington Marsh","2021-12-29 15:49",0,39.6125321,-75.4250026,TRUE,FALSE,FALSE,"S99654996",273
"rewbla","Red-winged Blackbird","Agelaius phoeniceus","L1841412","Flood Gate","2021-12-30 16:20",20,39.8312826,-75.3319645,TRUE,FALSE,FALSE,"S99712554",274
"rewbla","Red-winged Blackbird","Agelaius phoeniceus","L452526","Cattus Island County Park","2021-12-31 15:35",14,39.9826119,-74.1285324,TRUE,FALSE,FALSE,"S99773835",275
"rewbla","Red-winged Blackbird","Agelaius phoeniceus","L211826","Jake's Landing","2022-01-01 16:39",1,39.1795653,-74.8510244,TRUE,FALSE,FALSE,"S100048965",276
"rewbla","Red-winged Blackbird","Agelaius phoeniceus","L6777226","Pine Valley Lake (Seen From Railroad Tracks)","2022-01-02 16:02",2,39.7857933,-74.964062,TRUE,FALSE,TRUE,"S99964396",277
"rewbla","Red-winged Blackbird","Agelaius phoeniceus","L1923065","Friendship Rd Feeder area","2022-01-03 16:04",30,39.7992305,-75.2408499,TRUE,FALSE,TRUE,"S100054447",278
"rewbla","Red-winged Blackbird","Agelaius phoeniceus","L12090689","Mount \"N\" Meadow, Blairstown","2022-01-04 15:30",5,41.033114,-74.983016,TRUE,FALSE,TRUE,"S100116086",279
"rewbla","Red-winged Blackbird","Agelaius phoeniceus","L1858968","Friendship Rd Yard","2022-01-05 16:34",260,39.7990161,-75.2406299,TRUE,FALSE,TRUE,"S100212563",280
"rewbla","Red-winged Blackbird","Agelaius phoeniceus","L17349591","Route 94 & Snowver Rd Lafayette, NJ","2022-01-06 16:45",10,41.0925136,-74.7138899,TRUE,FALSE,TRUE,"S100258144",281
"rewbla","Red-winged Blackbird","Agelaius phoeniceus","L17357622","Sands Creek Park & WMA Land","2022-01-07 16:51",32,39.8085643,-74.1851483,TRUE,FALSE,TRUE,"S100303372",282
"rewbla","Red-winged Blackbird","Agelaius phoeniceus","L599103","Old Troy County Park","2022-01-08 16:00",5,40.8386193,-74.3989849,TRUE,FALSE,FALSE,"S100377244",283
"rewbla","Red-winged Blackbird","Agelaius phoeniceus","L2333084","E Woodland Ave Yard","2022-01-09 15:20",8,39.096409,-74.8694412,TRUE,FALSE,TRUE,"S100454023",284
"rewbla","Red-winged Blackbird","Agelaius phoeniceus","L572073","Edwin B. Forsythe NWR--Bridge to Nowhere","2022-01-10 16:25",50,39.6836789,-74.2072264,TRUE,FALSE,FALSE,"S100514755",285
"rewbla","Red-winged Blackbird","Agelaius phoeniceus","L6665154","Home Yard Mullica Hill","2022-01-11 16:30",20,39.7237062,-75.2344161,TRUE,FALSE,TRUE,"S100565341",286
"rewbla","Red-winged Blackbird","Agelaius phoeniceus","L109136","Cape Island--South Cape May Meadows (SCMM)","2022-01-12 16:43",5,38.9359287,-74.9434519,TRUE,FALSE,FALSE,"S100621247",287
"rewbla","Red-winged Blackbird","Agelaius phoeniceus","L9870674","Miry Run Natural Area","2022-01-13 16:53",100,40.242836,-74.656149,TRUE,FALSE,FALSE,"S100677490",288
"rewbla","Red-winged Blackbird","Agelaius phoeniceus","L109136","Cape Island--South Cape May Meadows (SCMM)","2022-01-14 17:01",11,38.9359287,-74.9434519,TRUE,FALSE,FALSE,"S100734427",289
"rewbla","Red-winged Blackbird","Agelaius phoeniceus","L2627056","Home","2022-01-15 16:20",1,40.4401455,-74.4573766,TRUE,FALSE,TRUE,"S100797913",290
"rewbla","Red-winged Blackbird","Agelaius phoeniceus","L3874553","Chateau Circle","2022-01-16 16:23",4,39.9176362,-74.8868895,TRUE,FALSE,TRUE,"S100877887",291
"rewbla","Red-winged Blackbird","Agelaius phoeniceus","L298497","Pedricktown Marsh (Gloucester Co.)","2022-01-17 16:44",10,39.76435,-75.396967,TRUE,FALSE,FALSE,"S100947355",292
"rewbla","Red-winged Blackbird","Agelaius phoeniceus","L9870674","Miry Run Natural Area","2022-01-18 17:08",5,40.242836,-74.656149,TRUE,FALSE,FALSE,"S101004202",293
"rewbla","Red-winged Blackbird","Agelaius phoeniceus","L211826","Jake's Landing","2022-01-19 16:52",1,39.1795653,-74.8510244,TRUE,FALSE,FALSE,"S101055005",294
"rewbla","Red-winged Blackbird","Agelaius phoeniceus","L10187662","R-Farm-East","2022-01-20 19:01",10,39.599964,-75.3677501,TRUE,FALSE,TRUE,"S101109684",295
"rewbla","Red-winged Blackbird","Agelaius phoeniceus","L1916423","Dream Park","2022-01-21 16:46",3,39.7984144,-75.3695369,TRUE,FALSE,FALSE,"S101160560",296
"rewbla","Red-winged Blackbird","Agelaius phoeniceus","L1916423","Dream Park","2022-01-22 16:37",7,39.7984144,-75.3695369,TRUE,FALSE,FALSE,"S101235813",297
"rewbla","Red-winged Blackbird","Agelaius phoeniceus","L17530720","New Milford Swim Club","2022-01-23 17:00",12,40.9223495,-74.0315008,TRUE,FALSE,TRUE,"S101311360",298
"rewbla","Red-winged Blackbird","Agelaius phoeniceus","L384943","Edwin B. Forsythe NWR--Cedar Run Dock Rd.","2022-01-24 16:46",10,39.6590992,-74.2595959,TRUE,FALSE,FALSE,"S101372205",299
"rewbla","Red-winged Blackbird","Agelaius phoeniceus","L384943","Edwin B. Forsythe NWR--Cedar Run Dock Rd.","2022-01-25 16:19",1,39.6590992,-74.2595959,TRUE,FALSE,FALSE,"S101443811",300
"rewbla","Red-winged Blackbird","Agelaius phoeniceus","L92447","Edwin B. Forsythe NWR--Visitor Center","2022-01-26 16:25",10,39.4648594,-74.4506477,TRUE,FALSE,FALSE,"S101500083",301
"rewbla","Red-winged Blackbird","Agelaius phoeniceus","L3469279","Meadowedge Park","2022-01-27 16:52",1,39.749609,-74.209033,TRUE,FALSE,FALSE,"S101551025",302
"rewbla","Red-winged Blackbird","Agelaius phoeniceus","L633229","Reed's Beach--Reed yard","2022-01-28 17:17",35,39.1144246,-74.8866212,TRUE,FALSE,TRUE,"S101605121",303
"rewbla","Red-winged Blackbird","Agelaius phoeniceus","L12764749","Shunpike Cottage","2022-01-29 17:10",2,39.079896,-74.833849,TRUE,FALSE,TRUE,"S101687666",304
"rewbla","Red-winged Blackbird","Agelaius phoeniceus","L6753482","Cape Island--WCM--Central Avenue Area","2022-01-30 16:00",40,38.9425379,-74.9278629,TRUE,FALSE,TRUE,"S101745009",305
"rewbla","Red-winged Blackbird","Agelaius phoeniceus","L12764749","Shunpike Cottage","2022-01-31 16:50",1,39.079896,-74.833849,TRUE,FALSE,TRUE,"S101808601",306
"rewbla","Red-winged Blackbird","Agelaius phoeniceus","L9870674","Miry Run Natural Area","2022-02-01 16:43",100,40.242836,-74.656149,TRUE,FALSE,FALSE,"S101864596",307
"rewbla","Red-winged Blackbird","Agelaius phoeniceus","L7681726","!! Eileen's Yard, CMCH","2022-02-02 16:57",15,39.082538,-74.82009,TRUE,FALSE,TRUE,"S101919884",308
"rewbla","Red-winged Blackbird","Agelaius phoeniceus","L572073","Edwin B. Forsythe NWR--Bridge to Nowhere","2022-02-03 16:49",6,39.6836789,-74.2072264,TRUE,FALSE,FALSE,"S101970914",309
"rewbla","Red-winged Blackbird","Agelaius phoeniceus","L11838595","105 W Willow St, Wenonah US-NJ 39.78848, -75.15313","2022-02-04 14:59",0,39.788483,-75.153126,TRUE,FALSE,TRUE,"S102047151",310
"rewbla","Red-winged Blackbird","Agelaius phoeniceus","L557788","Bivalve WMA--shellpile","2022-02-05 17:21",45,39.2383694,-75.0624239,TRUE,FALSE,FALSE,"S102094386",311
"rewbla","Red-winged Blackbird","Agelaius phoeniceus","L607902","Berkeley Island County Park","2022-02-06 16:41",1,39.8738622,-74.1316438,TRUE,FALSE,FALSE,"S102190605",312
"rewbla","Red-winged Blackbird","Agelaius phoeniceus","L5688037","Pilling Lake Bed","2022-02-07 15:32",10,39.8006853,-74.9810457,TRUE,FALSE,FALSE,"S102231779",313
"rewbla","Red-winged Blackbird","Agelaius phoeniceus","L7823112","Denow Rd","2022-02-08 16:50",500,40.3006857,-74.7780055,TRUE,FALSE,TRUE,"S102298983",314
"rewbla","Red-winged Blackbird","Agelaius phoeniceus","L9506852","Yard—Hainesport, NJ","2022-02-09 17:37",1,39.972969,-74.823276,TRUE,FALSE,TRUE,"S102350506",315
"rewbla","Red-winged Blackbird","Agelaius phoeniceus","L5165915","Lake George","2022-02-10 17:37",7,39.7457,-75.00789,TRUE,FALSE,FALSE,"S102411526",316
"rewbla","Red-winged Blackbird","Agelaius phoeniceus","L9506852","Yard—Hainesport, NJ","2022-02-11 17:37",0,39.972969,-74.823276,TRUE,FALSE,TRUE,"S102455043",317
"rewbla","Red-winged Blackbird","Agelaius phoeniceus","L5496616","Assunpink WMA--Stone Tavern Lake","2022-02-12 17:36",5,40.198511,-74.4846869,TRUE,FALSE,FALSE,"S102537623",318
"rewbla","Red-winged Blackbird","Agelaius phoeniceus","L16752278","Mountwell Park, Haddonfield","2022-02-13 16:28",15,39.888182,-75.030823,TRUE,FALSE,TRUE,"S102599652",319
"rewbla","Red-winged Blackbird","Agelaius phoeniceus","L11257337","Mt Rd","2022-02-14 17:20",10,40.2832908,-74.4618716,TRUE,FALSE,TRUE,"S102682323",320
"rewbla","Red-winged Blackbird","Agelaius phoeniceus","L1055720","Breakwater Cove","2022-02-15 17:20",1,40.3415724,-73.9760971,TRUE,FALSE,TRUE,"S102707371",321
"rewbla","Red-winged Blackbird","Agelaius phoeniceus","L275261","Stevens Street-yard","2022-02-16 17:30",15,38.9417118,-74.9477327,TRUE,FALSE,TRUE,"S102761033",322
"rewbla","Red-winged Blackbird","Agelaius phoeniceus","L9506852","Yard—Hainesport, NJ","2022-02-17 17:29",0,39.972969,-74.823276,TRUE,FALSE,TRUE,"S102812667",323
"rewbla","Red-winged Blackbird","Agelaius phoeniceus","L11525483","North Brunswick Community Garden (Pulda Farm)","2022-02-18 17:27",7,40.4396096,-74.4742548,TRUE,FALSE,FALSE,"S102933342",324
"rewbla","Red-winged Blackbird","Agelaius phoeniceus","L2862362","Freedom Park","2022-02-19 18:21",1,39.8916287,-74.8344898,TRUE,FALSE,FALSE,"S103110944",325
"rewbla","Red-winged Blackbird","Agelaius phoeniceus","L17857749","Auto selected 40.00210, -74.17616","2022-02-20 21:45",1,40.002104,-74.176158,TRUE,FALSE,TRUE,"S103315718",326
"rewbla","Red-winged Blackbird","Agelaius phoeniceus","L17879361","28–44 Hilton Ct, Parsippany US-NJ (40.8414,-74.4531)","2022-02-21 18:50",2,40.841419,-74.453145,TRUE,FALSE,TRUE,"S103458013",327
"rewbla","Red-winged Blackbird","Agelaius phoeniceus","L2156000","Edwin B. Forsythe NWR","2022-02-22 16:49",6,39.46092,-74.43896,TRUE,FALSE,TRUE,"S103536363",328
"rewbla","Red-winged Blackbird","Agelaius phoeniceus","L389007","Richard W. DeKorte Park","2022-02-23 17:52",5,40.7833,-74.1025167,TRUE,FALSE,FALSE,"S103600145",329
"rewbla","Red-winged Blackbird","Agelaius phoeniceus","L9506852","Yard—Hainesport, NJ","2022-02-24 17:38",25,39.972969,-74.823276,TRUE,FALSE,TRUE,"S103657375",330
"rewbla","Red-winged Blackbird","Agelaius phoeniceus","L469295","Whitesbog (Burlington County)","2022-02-25 17:30",30,39.9621481,-74.5025611,TRUE,FALSE,FALSE,"S103712357",331
"rewbla","Red-winged Blackbird","Agelaius phoeniceus","L109136","Cape Island--South Cape May Meadows (SCMM)","2022-02-26 17:10",20,38.9359287,-74.9434519,TRUE,FALSE,FALSE,"S103786700",332
"rewbla","Red-winged Blackbird","Agelaius phoeniceus","L452526","Cattus Island County Park","2022-02-27 17:47",25,39.9826119,-74.1285324,TRUE,FALSE,FALSE,"S103868794",333
"rewbla","Red-winged Blackbird","Agelaius phoeniceus","L278604","Edwin B. Forsythe NWR--Holgate (Long Beach Island)","2022-02-28 20:45",12,39.5147773,-74.2817698,TRUE,FALSE,FALSE,"S103942794",334
"rewbla","Red-winged Blackbird","Agelaius phoeniceus","L1406276","Crow's Woods","2022-03-01 18:23",3,39.8812069,-75.0234244,TRUE,FALSE,FALSE,"S103995707",335
"rewbla","Red-winged Blackbird","Agelaius phoeniceus","L2210927","Edwin B. Forsythe NWR--Leed's Point","2022-03-02 18:00",12,39.5038663,-74.4105291,TRUE,FALSE,FALSE,"S104055718",336
"rewbla","Red-winged Blackbird","Agelaius phoeniceus","L109136","Cape Island--South Cape May Meadows (SCMM)","2022-03-03 17:36",20,38.9359287,-74.9434519,TRUE,FALSE,FALSE,"S104112667",337
"rewbla","Red-winged Blackbird","Agelaius phoeniceus","L358385","Townsend's Inlet","2022-03-04 17:48",7,39.1168428,-74.7139835,TRUE,FALSE,FALSE,"S104175019",338
"rewbla","Red-winged Blackbird","Agelaius phoeniceus","L3568177","Great Swamp Outdoor Education Center","2022-03-05 21:01",5,40.7257967,-74.4196647,TRUE,FALSE,FALSE,"S104260610",339
"rewbla","Red-winged Blackbird","Agelaius phoeniceus","L92448","Edwin B. Forsythe NWR--Wildlife Drive (8-mile auto tour loop only)","2022-03-06 19:14",0,39.464298,-74.417612,TRUE,FALSE,FALSE,"S104339336",340
"rewbla","Red-winged Blackbird","Agelaius phoeniceus","L2598101","Alumni Field","2022-03-07 17:25",30,40.8523842,-74.8189598,TRUE,FALSE,FALSE,"S104398246",341
"rewbla","Red-winged Blackbird","Agelaius phoeniceus","L603371","Great Swamp NWR--Pleasant Plains Rd.","2022-03-08 17:47",10,40.7090601,-74.5031619,TRUE,FALSE,FALSE,"S104527329",342
"rewbla","Red-winged Blackbird","Agelaius phoeniceus","L1297727","Foothill Road","2022-03-09 17:10",22,40.5985534,-74.6066952,TRUE,FALSE,TRUE,"S104572773",343
"rewbla","Red-winged Blackbird","Agelaius phoeniceus","L1841412","Flood Gate","2022-03-10 18:06",5,39.8312826,-75.3319645,TRUE,FALSE,FALSE,"S104572787",344
"rewbla","Red-winged Blackbird","Agelaius phoeniceus","L92448","Edwin B. Forsythe NWR--Wildlife Drive (8-mile auto tour loop only)","2022-03-11 23:36",0,39.464298,-74.417612,TRUE,FALSE,FALSE,"S104643244",345
"rewbla","Red-winged Blackbird","Agelaius phoeniceus","L281551","Cape Island--CMP--Lily Lake","2022-03-12 22:20",0,38.9391024,-74.9631287,TRUE,FALSE,FALSE,"S104711738",346
"rewbla","Red-winged Blackbird","Agelaius phoeniceus","L3125633","Garden State Beagle Club (restricted access)","2022-03-13 18:35",3,39.9123696,-74.8919964,TRUE,FALSE,TRUE,"S104779012",347
"rewbla","Red-winged Blackbird","Agelaius phoeniceus","L18122277","21 Arnold Dr, Randolph US-NJ 40.85550, -74.53577","2022-03-14 22:07",1,40.8555,-74.535765,TRUE,FALSE,TRUE,"S104850396",348
"rewbla","Red-winged Blackbird","Agelaius phoeniceus","L18122277","21 Arnold Dr, Randolph US-NJ 40.85550, -74.53577","2022-03-14 22:07",1,40.8555,-74.535765,TRUE,FALSE,TRUE,"S104850396",349
"rewbla","Red-winged Blackbird","Agelaius phoeniceus","L716945","Richard A. Rutkowski Park","2022-03-15 19:22",12,40.6877528,-74.1107252,TRUE,FALSE,FALSE,"S104907894",350
"rewbla","Red-winged Blackbird","Agelaius phoeniceus","L865402","Boundary Creek Natural Resource Area","2022-03-16 18:26",2,40.011,-74.905,TRUE,FALSE,FALSE,"S104969376",351
"rewbla","Red-winged Blackbird","Agelaius phoeniceus","L389013","Meadowlands IBA--Mill Creek Point","2022-03-17 18:39",5,40.8065667,-74.0447833,TRUE,FALSE,FALSE,"S105047253",352
"rewbla","Red-winged Blackbird","Agelaius phoeniceus","L1804663","Disposal Rd.","2022-03-18 19:03",20,40.789933,-74.1129144,TRUE,FALSE,FALSE,"S105137198",353
"rewbla","Red-winged Blackbird","Agelaius phoeniceus","L249999","Heislerville WMA","2022-03-19 18:28",8,39.2302586,-75.0034046,TRUE,FALSE,FALSE,"S105178187",354
"rewbla","Red-winged Blackbird","Agelaius phoeniceus","L11685498","Egret Roost, Secaucus, New Jersey, US (40.761, -74.081)","2022-03-20 19:00",4,40.7612968,-74.0805303,TRUE,FALSE,TRUE,"S105266636",355
"rewbla","Red-winged Blackbird","Agelaius phoeniceus","L3125633","Garden State Beagle Club (restricted access)","2022-03-21 19:10",100,39.9123696,-74.8919964,TRUE,FALSE,TRUE,"S105338206",356
"rewbla","Red-winged Blackbird","Agelaius phoeniceus","L229904","The Celery Farm","2022-03-22 18:42",11,41.0364972,-74.1271909,TRUE,FALSE,FALSE,"S105395936",357
"rewbla","Red-winged Blackbird","Agelaius phoeniceus","L272616","Mannington Marsh","2022-03-23 19:09",8,39.6125321,-75.4250026,TRUE,FALSE,FALSE,"S105452475",358
"rewbla","Red-winged Blackbird","Agelaius phoeniceus","L1879713","Newton Lake Park","2022-03-24 17:53",8,39.9053415,-75.0649989,TRUE,FALSE,FALSE,"S105505878",359
"rewbla","Red-winged Blackbird","Agelaius phoeniceus","L2759848","Heislerville WMA--South Impoundment","2022-03-25 19:03",0,39.223909,-75.0034475,TRUE,FALSE,FALSE,"S105573533",360
"rewbla","Red-winged Blackbird","Agelaius phoeniceus","L251091","Pole Farm (Mercer County Park NW)","2022-03-26 20:24",12,40.316411,-74.747477,TRUE,FALSE,FALSE,"S105658123",361
"rewbla","Red-winged Blackbird","Agelaius phoeniceus","L11685498","Egret Roost, Secaucus, New Jersey, US (40.761, -74.081)","2022-03-27 18:30",4,40.7612968,-74.0805303,TRUE,FALSE,TRUE,"S105735682",362
"rewbla","Red-winged Blackbird","Agelaius phoeniceus","L251091","Pole Farm (Mercer County Park NW)","2022-03-28 18:33",5,40.316411,-74.747477,TRUE,FALSE,FALSE,"S106350876",363
"rewbla","Red-winged Blackbird","Agelaius phoeniceus","L298496","Birch Creek Marsh","2022-03-29 19:07",3,39.7860392,-75.3842706,TRUE,FALSE,FALSE,"S105863406",364
"rewbla","Red-winged Blackbird","Agelaius phoeniceus","L11685498","Egret Roost, Secaucus, New Jersey, US (40.761, -74.081)","2022-03-30 19:18",2,40.7612968,-74.0805303,TRUE,FALSE,TRUE,"S105923247",365
"rewbla","Red-winged Blackbird","Agelaius phoeniceus","L389015","Laurel Hill Park","2022-03-31 18:50",8,40.7611952,-74.0844691,TRUE,FALSE,FALSE,"S105981131",366
"rewbla","Red-winged Blackbird","Agelaius phoeniceus","L652336","Tuckahoe WMA (Corbin City/Atlantic Co.)","2022-04-01 19:28",8,39.3470425,-74.7235107,TRUE,FALSE,FALSE,"S106057899",367
